date,price_x,price_y,price_z
1988-06-27,15.1,,
1988-06-28,15.27,,
1988-06-29,15.47,,
1988-06-30,14.85,,
1988-07-01,14.6,,
1988-07-04,14.35,,
1988-07-05,14.3,,
1988-07-06,14.68,,
1988-07-07,15.45,,
1988-07-08,15.05,,
1988-07-11,14.5,,
1988-07-12,14.1,,
1988-07-13,14.17,,
1988-07-14,14.06,,
1988-07-15,14.18,,
1988-07-18,14.8,,
1988-07-19,15.08,,
1988-07-20,15.13,,
1988-07-21,15.45,,
1988-07-22,15.71,,
1988-07-25,15.69,,
1988-07-26,15.32,,
1988-07-27,15.42,,
1988-07-28,15.67,,
1988-07-29,15.7,,
1988-08-01,15.56,,
1988-08-02,15.38,,
1988-08-03,15.0,,
1988-08-04,14.48,,
1988-08-05,14.63,,
1988-08-08,15.3,,
1988-08-09,15.34,,
1988-08-10,15.08,,
1988-08-11,15.09,,
1988-08-12,15.2,,
1988-08-15,14.93,,
1988-08-16,15.02,,
1988-08-17,14.95,,
1988-08-18,15.03,,
1988-08-19,15.1,,
1988-08-22,15.2,,
1988-08-23,14.99,,
1988-08-24,15.09,,
1988-08-25,14.88,,
1988-08-26,14.7,,
1988-08-30,14.65,,
1988-08-31,14.6,,
1988-09-01,14.4,,
1988-09-02,14.21,,
1988-09-05,13.99,,
1988-09-06,13.78,,
1988-09-07,13.5,,
1988-09-08,13.59,,
1988-09-09,13.72,,
1988-09-12,12.99,,
1988-09-13,13.6,,
1988-09-14,14.4,,
1988-09-15,13.95,,
1988-09-16,13.74,,
1988-09-19,13.46,,
1988-09-20,13.6,,
1988-09-21,13.52,,
1988-09-22,13.58,,
1988-09-23,13.52,,
1988-09-26,13.43,,
1988-09-27,12.98,,
1988-09-28,12.97,,
1988-09-29,12.73,,
1988-09-30,12.24,,
1988-10-03,11.85,,
1988-10-04,11.78,,
1988-10-05,11.35,,
1988-10-06,11.47,,
1988-10-07,11.49,,
1988-10-10,12.0,,
1988-10-11,12.58,,
1988-10-12,12.52,,
1988-10-13,12.71,,
1988-10-14,13.11,,
1988-10-17,13.7,,
1988-10-18,13.23,,
1988-10-19,13.49,,
1988-10-20,13.74,,
1988-10-21,13.55,,
1988-10-24,12.4,,
1988-10-25,12.3,,
1988-10-26,12.33,,
1988-10-27,12.5,,
1988-10-28,12.82,,
1988-10-31,12.74,,
1988-11-01,12.44,,
1988-11-02,12.56,,
1988-11-03,12.75,,
1988-11-04,12.95,,
1988-11-07,12.96,,
1988-11-08,12.82,,
1988-11-09,12.8,,
1988-11-10,12.95,,
1988-11-11,13.26,,
1988-11-14,13.25,,
1988-11-15,13.11,,
1988-11-16,12.78,,
1988-11-17,12.26,,
1988-11-18,12.04,,
1988-11-21,12.03,,
1988-11-22,12.8,,
1988-11-23,13.2,,
1988-11-24,12.77,,
1988-11-25,14.48,,
1988-11-28,14.58,,
1988-11-29,13.95,,
1988-11-30,14.05,,
1988-12-01,14.49,,
1988-12-02,14.5,,
1988-12-05,14.34,,
1988-12-06,14.1,,
1988-12-07,14.29,,
1988-12-08,14.7,,
1988-12-09,14.47,,
1988-12-12,14.53,,
1988-12-13,14.53,,
1988-12-14,14.6,,
1988-12-15,14.75,,
1988-12-16,14.81,,
1988-12-19,14.67,,
1988-12-20,14.82,,
1988-12-21,14.96,,
1988-12-22,14.99,,
1988-12-23,15.08,,
1988-12-28,15.55,,
1988-12-29,15.3,,
1988-12-30,15.52,,
1989-01-03,15.72,,
1989-01-04,15.96,,
1989-01-05,15.91,,
1989-01-06,16.25,,
1989-01-09,16.34,,
1989-01-10,16.2,,
1989-01-11,15.8,,
1989-01-12,15.75,,
1989-01-13,16.12,,
1989-01-16,16.28,,
1989-01-17,16.43,,
1989-01-18,16.74,,
1989-01-19,17.09,,
1989-01-20,17.0,,
1989-01-23,16.2,,
1989-01-24,16.01,,
1989-01-25,16.55,,
1989-01-26,16.76,,
1989-01-27,16.3,,
1989-01-30,15.97,,
1989-01-31,15.91,,
1989-02-01,15.8,,
1989-02-02,16.12,,
1989-02-03,16.17,,
1989-02-06,15.99,,
1989-02-07,15.99,,
1989-02-08,16.18,,
1989-02-09,16.05,,
1989-02-10,15.82,,
1989-02-13,15.43,,
1989-02-14,15.67,,
1989-02-15,15.6,,
1989-02-16,15.8,,
1989-02-17,16.01,,
1989-02-20,16.24,,
1989-02-21,16.25,,
1989-02-22,16.13,,
1989-02-23,16.28,,
1989-02-24,16.15,,
1989-02-27,16.6,,
1989-02-28,16.4,,
1989-03-01,16.58,,
1989-03-02,16.72,,
1989-03-03,16.95,,
1989-03-06,17.05,,
1989-03-07,16.96,,
1989-03-08,16.84,,
1989-03-09,17.26,,
1989-03-10,17.11,,
1989-03-13,16.66,,
1989-03-14,17.24,,
1989-03-15,17.6,,
1989-03-16,17.76,,
1989-03-17,17.76,,
1989-03-20,18.0,,
1989-03-21,18.08,,
1989-03-22,18.51,,
1989-03-23,18.64,,
1989-03-28,19.19,,
1989-03-29,18.76,,
1989-03-30,18.97,,
1989-03-31,19.55,,
1989-04-03,19.1,,
1989-04-04,18.91,,
1989-04-05,19.25,,
1989-04-06,18.59,,
1989-04-07,18.5,,
1989-04-10,18.7,,
1989-04-11,18.46,,
1989-04-12,18.27,,
1989-04-13,18.59,,
1989-04-14,18.27,,
1989-04-17,18.63,,
1989-04-18,18.9,,
1989-04-19,19.65,,
1989-04-20,20.14,,
1989-04-21,20.27,,
1989-04-24,19.85,,
1989-04-25,19.18,,
1989-04-26,19.6,,
1989-04-27,19.19,,
1989-04-28,18.94,,
1989-05-02,18.75,,
1989-05-03,17.78,,
1989-05-04,18.52,,
1989-05-05,18.7,,
1989-05-08,18.17,,
1989-05-09,17.75,,
1989-05-10,17.82,,
1989-05-11,17.22,,
1989-05-12,17.34,,
1989-05-15,17.36,,
1989-05-16,17.6,,
1989-05-17,17.68,,
1989-05-18,17.4,,
1989-05-19,17.34,,
1989-05-22,17.0,,
1989-05-23,16.92,,
1989-05-24,17.3,,
1989-05-25,17.55,,
1989-05-26,17.39,,
1989-05-30,17.39,,
1989-05-31,17.75,,
1989-06-01,17.61,,
1989-06-02,17.5,,
1989-06-05,18.02,,
1989-06-06,18.0,,
1989-06-07,17.8,,
1989-06-08,17.3,,
1989-06-09,17.56,,
1989-06-12,17.0,,
1989-06-13,16.36,,
1989-06-14,16.25,,
1989-06-15,16.38,,
1989-06-16,16.2,,
1989-06-19,16.1,,
1989-06-20,16.32,,
1989-06-21,16.32,,
1989-06-22,16.62,,
1989-06-23,16.9,,
1989-06-26,17.35,,
1989-06-27,17.5,,
1989-06-28,17.4,,
1989-06-29,17.25,,
1989-06-30,17.49,,
1989-07-03,17.58,,
1989-07-04,17.86,,
1989-07-05,18.07,,
1989-07-06,18.2,,
1989-07-07,17.5,,
1989-07-10,17.6,,
1989-07-11,17.13,,
1989-07-12,17.16,,
1989-07-13,17.0,,
1989-07-14,17.25,,
1989-07-17,17.27,,
1989-07-18,17.55,,
1989-07-19,17.35,,
1989-07-20,17.3,,
1989-07-21,17.52,,
1989-07-24,17.31,,
1989-07-25,16.85,,
1989-07-26,16.72,,
1989-07-27,16.56,,
1989-07-28,16.65,,
1989-07-31,16.52,,
1989-08-01,16.72,,
1989-08-02,16.37,,
1989-08-03,16.58,,
1989-08-04,16.4,,
1989-08-07,16.4,,
1989-08-08,16.32,,
1989-08-09,16.52,,
1989-08-10,16.97,,
1989-08-11,16.91,,
1989-08-14,16.79,,
1989-08-15,16.87,,
1989-08-16,16.96,,
1989-08-17,16.89,,
1989-08-18,16.85,,
1989-08-21,16.83,,
1989-08-22,17.01,,
1989-08-23,16.95,,
1989-08-24,16.96,,
1989-08-25,16.85,,
1989-08-29,16.99,,
1989-08-30,17.0,,
1989-08-31,17.24,,
1989-09-01,17.2,,
1989-09-04,17.36,,
1989-09-05,17.42,,
1989-09-06,17.74,,
1989-09-07,17.76,,
1989-09-08,17.72,,
1989-09-11,17.72,,
1989-09-12,17.66,,
1989-09-13,17.77,,
1989-09-14,17.65,,
1989-09-15,17.58,,
1989-09-18,17.78,,
1989-09-19,17.71,,
1989-09-20,17.68,,
1989-09-21,17.75,,
1989-09-22,17.6,,
1989-09-25,17.49,,
1989-09-26,17.5,,
1989-09-27,17.5,,
1989-09-28,17.89,,
1989-09-29,18.16,,
1989-10-02,18.37,,
1989-10-03,18.44,,
1989-10-04,18.51,,
1989-10-05,18.19,,
1989-10-06,18.22,,
1989-10-09,18.12,,
1989-10-10,18.39,,
1989-10-11,18.42,,
1989-10-12,18.62,,
1989-10-13,18.9,,
1989-10-16,18.81,,
1989-10-17,18.97,,
1989-10-18,18.98,,
1989-10-19,18.81,,
1989-10-20,18.74,,
1989-10-23,18.47,,
1989-10-24,18.36,,
1989-10-25,18.51,,
1989-10-26,18.18,,
1989-10-27,18.38,,
1989-10-30,18.68,,
1989-10-31,18.63,,
1989-11-01,19.09,,
1989-11-02,19.04,,
1989-11-03,18.85,,
1989-11-06,18.97,,
1989-11-07,18.93,,
1989-11-08,18.77,,
1989-11-09,19.0,,
1989-11-10,19.11,,
1989-11-13,18.49,,
1989-11-14,18.47,,
1989-11-15,18.35,,
1989-11-16,18.44,,
1989-11-17,18.55,,
1989-11-20,18.63,,
1989-11-21,18.58,,
1989-11-22,18.51,,
1989-11-23,18.35,,
1989-11-24,18.44,,
1989-11-27,18.44,,
1989-11-28,18.29,,
1989-11-29,18.08,,
1989-11-30,18.49,,
1989-12-01,18.66,,
1989-12-04,19.16,,
1989-12-05,19.04,,
1989-12-06,19.15,,
1989-12-07,19.25,,
1989-12-08,19.12,,
1989-12-11,19.11,,
1989-12-12,19.1,,
1989-12-13,19.22,,
1989-12-14,19.02,,
1989-12-15,19.13,,
1989-12-18,19.37,,
1989-12-19,19.54,,
1989-12-20,19.5,,
1989-12-21,19.49,,
1989-12-22,19.76,,
1989-12-27,20.1,,
1989-12-28,20.04,,
1989-12-29,20.28,,
1990-01-02,20.51,,
1990-01-03,21.69,,
1990-01-04,21.51,,
1990-01-05,22.0,,
1990-01-08,20.52,,
1990-01-09,20.14,,
1990-01-10,20.73,,
1990-01-11,20.27,,
1990-01-12,20.05,,
1990-01-15,19.53,,
1990-01-16,19.58,,
1990-01-17,19.2,,
1990-01-18,19.47,,
1990-01-19,19.92,,
1990-01-22,19.66,,
1990-01-23,19.21,,
1990-01-24,19.27,,
1990-01-25,19.73,,
1990-01-26,19.86,,
1990-01-29,20.05,,
1990-01-30,19.82,,
1990-01-31,20.06,,
1990-02-01,19.93,,
1990-02-02,20.19,,
1990-02-05,19.78,,
1990-02-06,19.88,,
1990-02-07,19.69,,
1990-02-08,19.48,,
1990-02-09,19.6,,
1990-02-12,19.33,,
1990-02-13,19.4,,
1990-02-14,19.49,,
1990-02-15,19.84,,
1990-02-16,19.68,,
1990-02-19,19.58,,
1990-02-20,19.59,,
1990-02-21,19.39,,
1990-02-22,19.28,,
1990-02-23,19.19,,
1990-02-26,19.58,,
1990-02-27,19.41,,
1990-02-28,19.48,,
1990-03-01,19.24,,
1990-03-02,19.28,,
1990-03-05,19.43,,
1990-03-06,19.33,,
1990-03-07,19.13,,
1990-03-08,18.86,,
1990-03-09,18.88,,
1990-03-12,18.62,,
1990-03-13,18.6,,
1990-03-14,18.52,,
1990-03-15,18.74,,
1990-03-16,18.56,,
1990-03-19,18.2,,
1990-03-20,18.05,,
1990-03-21,18.17,,
1990-03-22,18.16,,
1990-03-23,18.4,,
1990-03-26,18.46,,
1990-03-27,18.46,,
1990-03-28,18.32,,
1990-03-29,18.33,,
1990-03-30,18.38,,
1990-04-02,18.62,,
1990-04-03,18.48,,
1990-04-04,18.09,,
1990-04-05,17.65,,
1990-04-06,17.8,,
1990-04-09,17.3,,
1990-04-10,16.65,,
1990-04-11,16.84,,
1990-04-12,16.82,,
1990-04-17,16.7,,
1990-04-18,16.4,,
1990-04-19,17.01,,
1990-04-20,17.21,,
1990-04-23,17.55,,
1990-04-24,17.48,,
1990-04-25,17.21,,
1990-04-26,17.08,,
1990-04-27,17.08,,
1990-04-30,17.12,,
1990-05-01,17.25,,
1990-05-02,17.19,,
1990-05-03,16.54,,
1990-05-04,16.33,,
1990-05-08,16.7,,
1990-05-09,17.33,,
1990-05-10,17.33,,
1990-05-11,17.6,,
1990-05-14,18.1,,
1990-05-15,17.91,,
1990-05-16,17.76,,
1990-05-17,17.77,,
1990-05-18,17.69,,
1990-05-21,17.41,,
1990-05-22,17.23,,
1990-05-23,16.75,,
1990-05-24,16.61,,
1990-05-25,16.52,,
1990-05-29,16.65,,
1990-05-30,16.75,,
1990-05-31,16.24,,
1990-06-01,16.37,,
1990-06-04,16.1,,
1990-06-05,15.76,,
1990-06-06,15.61,,
1990-06-07,15.61,,
1990-06-08,15.65,,
1990-06-11,15.55,,
1990-06-12,15.97,,
1990-06-13,15.98,,
1990-06-14,16.09,,
1990-06-15,16.11,,
1990-06-18,15.67,,
1990-06-19,15.63,,
1990-06-20,15.61,,
1990-06-21,15.83,,
1990-06-22,16.17,,
1990-06-25,16.2,,
1990-06-26,16.02,,
1990-06-27,15.71,,
1990-06-28,16.21,,
1990-06-29,16.14,,
1990-07-02,15.87,,
1990-07-03,15.97,,
1990-07-04,15.98,,
1990-07-05,15.9,,
1990-07-06,15.86,,
1990-07-09,15.9,,
1990-07-10,16.07,,
1990-07-11,16.37,,
1990-07-12,17.5,,
1990-07-13,17.43,,
1990-07-16,17.84,,
1990-07-17,18.19,,
1990-07-18,18.36,,
1990-07-19,18.59,,
1990-07-20,18.75,,
1990-07-23,19.22,,
1990-07-24,19.42,,
1990-07-25,19.18,,
1990-07-26,19.26,,
1990-07-27,19.22,,
1990-07-30,19.5,,
1990-07-31,19.84,,
1990-08-01,20.8,,
1990-08-02,21.95,,
1990-08-03,23.48,,
1990-08-06,26.78,,
1990-08-07,27.4,,
1990-08-08,24.98,,
1990-08-09,24.75,,
1990-08-10,25.47,,
1990-08-13,26.5,,
1990-08-14,26.77,,
1990-08-15,26.3,,
1990-08-16,26.92,,
1990-08-17,27.12,,
1990-08-20,27.38,,
1990-08-21,27.63,,
1990-08-22,30.19,,
1990-08-23,30.85,,
1990-08-24,30.1,,
1990-08-28,26.68,,
1990-08-29,24.8,,
1990-08-30,25.9,,
1990-08-31,26.75,,
1990-09-03,28.55,,
1990-09-04,29.2,,
1990-09-05,29.89,,
1990-09-06,30.93,,
1990-09-07,30.25,,
1990-09-10,30.9,,
1990-09-11,30.63,,
1990-09-12,30.63,,
1990-09-13,31.2,,
1990-09-14,30.72,,
1990-09-17,33.0,,
1990-09-18,32.65,,
1990-09-19,33.0,,
1990-09-20,33.15,,
1990-09-21,34.76,,
1990-09-24,37.68,,
1990-09-25,37.1,,
1990-09-26,37.95,,
1990-09-27,38.47,,
1990-09-28,39.1,,
1990-10-01,37.05,,
1990-10-02,33.83,,
1990-10-03,36.62,,
1990-10-04,35.92,,
1990-10-05,37.35,,
1990-10-08,38.32,,
1990-10-09,40.15,,
1990-10-10,38.94,,
1990-10-11,39.73,,
1990-10-12,39.49,,
1990-10-15,38.14,,
1990-10-16,37.96,,
1990-10-17,34.03,,
1990-10-18,34.11,,
1990-10-19,31.01,,
1990-10-22,26.82,,
1990-10-23,28.31,,
1990-10-24,29.96,,
1990-10-25,33.2,,
1990-10-26,32.05,,
1990-10-29,33.93,,
1990-10-30,34.25,,
1990-10-31,34.41,,
1990-11-01,34.57,,
1990-11-02,33.55,,
1990-11-05,31.86,,
1990-11-06,32.25,,
1990-11-07,34.83,,
1990-11-08,34.89,,
1990-11-09,33.5,,
1990-11-12,32.1,,
1990-11-13,32.77,,
1990-11-14,31.49,,
1990-11-15,32.06,,
1990-11-16,29.0,,
1990-11-19,29.82,,
1990-11-20,28.33,,
1990-11-21,28.94,,
1990-11-22,29.99,,
1990-11-23,31.0,,
1990-11-26,32.82,,
1990-11-27,32.89,,
1990-11-28,32.98,,
1990-11-29,32.39,,
1990-11-30,29.2,,
1990-12-03,29.72,,
1990-12-04,30.7,,
1990-12-05,27.33,,
1990-12-06,26.8,,
1990-12-07,27.18,,
1990-12-10,27.73,,
1990-12-11,27.02,,
1990-12-12,25.91,,
1990-12-13,27.39,,
1990-12-14,27.7,,
1990-12-17,25.67,,
1990-12-18,26.08,,
1990-12-19,26.51,,
1990-12-20,26.08,,
1990-12-21,25.78,,
1990-12-24,26.77,,
1990-12-27,26.49,,
1990-12-28,27.04,,
1990-12-31,28.27,,
1991-01-02,26.44,,
1991-01-03,24.89,,
1991-01-04,23.56,,
1991-01-07,26.79,,
1991-01-08,26.24,,
1991-01-09,26.15,,
1991-01-10,26.25,,
1991-01-11,25.67,,
1991-01-14,29.17,,
1991-01-15,28.19,,
1991-01-16,30.2,,
1991-01-17,19.7,,
1991-01-18,18.2,,
1991-01-21,18.97,,
1991-01-22,20.5,,
1991-01-23,20.56,,
1991-01-24,20.37,,
1991-01-25,20.0,,
1991-01-28,19.87,,
1991-01-29,20.47,,
1991-01-30,19.61,,
1991-01-31,20.06,,
1991-02-01,19.82,,
1991-02-04,19.77,,
1991-02-05,19.69,,
1991-02-06,20.16,,
1991-02-07,20.18,,
1991-02-08,19.98,,
1991-02-11,20.51,,
1991-02-12,20.61,,
1991-02-13,20.09,,
1991-02-14,18.79,,
1991-02-15,17.04,,
1991-02-18,16.5,,
1991-02-19,16.79,,
1991-02-20,17.44,,
1991-02-21,16.85,,
1991-02-22,16.62,,
1991-02-25,16.89,,
1991-02-26,17.23,,
1991-02-27,17.93,,
1991-02-28,18.68,,
1991-03-01,18.89,,
1991-03-04,19.63,,
1991-03-05,19.5,,
1991-03-06,19.22,,
1991-03-07,18.89,,
1991-03-08,18.81,,
1991-03-11,18.37,,
1991-03-12,19.03,,
1991-03-13,20.81,,
1991-03-14,20.03,,
1991-03-15,17.73,,
1991-03-18,17.53,,
1991-03-19,18.38,,
1991-03-20,18.34,,
1991-03-21,18.7,,
1991-03-22,18.57,,
1991-03-25,18.25,,
1991-03-26,18.39,,
1991-03-27,18.04,,
1991-03-28,17.95,,
1991-04-02,17.99,,
1991-04-03,18.11,,
1991-04-04,18.73,,
1991-04-05,18.61,,
1991-04-08,18.81,,
1991-04-09,18.81,,
1991-04-10,19.41,,
1991-04-11,19.55,,
1991-04-12,20.02,,
1991-04-15,20.17,,
1991-04-16,19.44,,
1991-04-17,19.52,,
1991-04-18,19.02,,
1991-04-19,19.14,,
1991-04-22,19.48,,
1991-04-23,19.32,,
1991-04-24,19.33,,
1991-04-25,19.54,,
1991-04-26,19.61,,
1991-04-29,19.61,,
1991-04-30,19.42,,
1991-05-01,19.57,,
1991-05-02,19.45,,
1991-05-03,19.66,,
1991-05-07,19.99,,
1991-05-08,20.14,,
1991-05-09,20.14,,
1991-05-10,19.6,,
1991-05-13,19.29,,
1991-05-14,19.06,,
1991-05-15,19.15,,
1991-05-16,19.06,,
1991-05-17,19.58,,
1991-05-20,19.57,,
1991-05-21,19.33,,
1991-05-22,19.13,,
1991-05-23,19.2,,
1991-05-24,19.35,,
1991-05-28,19.43,,
1991-05-29,19.16,,
1991-05-30,19.31,,
1991-05-31,19.21,,
1991-06-03,19.23,,
1991-06-04,19.12,,
1991-06-05,18.65,,
1991-06-06,18.49,,
1991-06-07,18.5,,
1991-06-10,18.04,,
1991-06-11,18.07,,
1991-06-12,17.99,,
1991-06-13,17.96,,
1991-06-14,18.14,,
1991-06-17,18.21,,
1991-06-18,18.21,,
1991-06-19,18.18,,
1991-06-20,18.44,,
1991-06-21,18.54,,
1991-06-24,18.26,,
1991-06-25,18.25,,
1991-06-26,18.33,,
1991-06-27,18.56,,
1991-06-28,18.72,,
1991-07-01,18.81,,
1991-07-02,18.84,,
1991-07-03,18.67,,
1991-07-04,18.69,,
1991-07-05,18.92,,
1991-07-08,19.23,,
1991-07-09,19.25,,
1991-07-10,19.43,,
1991-07-11,19.25,,
1991-07-12,19.74,,
1991-07-15,19.53,,
1991-07-16,19.75,,
1991-07-17,20.21,,
1991-07-18,19.89,,
1991-07-19,20.21,,
1991-07-22,19.98,,
1991-07-23,19.5,,
1991-07-24,19.69,,
1991-07-25,19.55,,
1991-07-26,19.62,,
1991-07-29,19.57,,
1991-07-30,19.53,,
1991-07-31,19.74,,
1991-08-01,19.4,,
1991-08-02,19.5,,
1991-08-05,19.53,,
1991-08-06,19.43,,
1991-08-07,19.43,,
1991-08-08,19.62,,
1991-08-09,19.6,,
1991-08-12,19.62,,
1991-08-13,19.5,,
1991-08-14,19.27,,
1991-08-15,19.31,,
1991-08-16,19.48,,
1991-08-19,20.53,,
1991-08-20,20.65,,
1991-08-21,19.64,,
1991-08-22,19.79,,
1991-08-23,19.98,,
1991-08-27,20.11,,
1991-08-28,20.03,,
1991-08-29,20.32,,
1991-08-30,20.7,,
1991-09-02,20.63,,
1991-09-03,20.58,,
1991-09-04,20.25,,
1991-09-05,20.13,,
1991-09-06,20.07,,
1991-09-09,19.84,,
1991-09-10,19.95,,
1991-09-11,20.16,,
1991-09-12,20.14,,
1991-09-13,20.32,,
1991-09-16,20.42,,
1991-09-17,20.23,,
1991-09-18,20.41,,
1991-09-19,20.27,,
1991-09-20,20.44,,
1991-09-23,20.62,,
1991-09-24,20.75,,
1991-09-25,20.73,,
1991-09-26,20.88,,
1991-09-27,21.17,,
1991-09-30,21.05,,
1991-10-01,20.99,,
1991-10-02,21.15,,
1991-10-03,21.56,,
1991-10-04,21.44,,
1991-10-07,21.68,,
1991-10-08,21.74,,
1991-10-09,22.1,,
1991-10-10,21.85,,
1991-10-11,22.04,,
1991-10-14,22.42,,
1991-10-15,22.81,,
1991-10-16,22.17,,
1991-10-17,22.42,,
1991-10-18,22.59,,
1991-10-21,22.67,,
1991-10-22,22.42,,
1991-10-23,21.97,,
1991-10-24,22.1,,
1991-10-25,21.79,,
1991-10-28,21.79,,
1991-10-29,21.72,,
1991-10-30,21.76,,
1991-10-31,22.1,,
1991-11-01,22.51,,
1991-11-04,22.38,,
1991-11-05,22.41,,
1991-11-06,22.05,,
1991-11-07,21.97,,
1991-11-08,21.84,,
1991-11-11,21.48,,
1991-11-12,21.27,,
1991-11-13,21.28,,
1991-11-14,21.03,,
1991-11-15,21.59,,
1991-11-18,21.16,,
1991-11-19,20.85,,
1991-11-20,20.71,,
1991-11-21,20.54,,
1991-11-22,19.96,,
1991-11-25,20.05,,
1991-11-26,19.63,,
1991-11-27,19.97,,
1991-11-28,20.19,,
1991-11-29,20.13,,
1991-12-02,19.73,,
1991-12-03,19.22,,
1991-12-04,19.39,,
1991-12-05,19.13,,
1991-12-06,18.88,,
1991-12-09,18.01,,
1991-12-10,18.16,,
1991-12-11,18.23,,
1991-12-12,18.58,,
1991-12-13,18.81,,
1991-12-16,18.58,,
1991-12-17,18.06,,
1991-12-18,18.02,,
1991-12-19,17.89,,
1991-12-20,17.4,,
1991-12-23,17.65,,
1991-12-24,17.83,,
1991-12-27,17.68,,
1991-12-30,17.72,,
1991-12-31,17.61,,
1992-01-02,18.36,,
1992-01-03,18.12,,
1992-01-06,18.12,,
1992-01-07,17.69,,
1992-01-08,16.92,,
1992-01-09,16.86,,
1992-01-10,17.24,,
1992-01-13,17.95,,
1992-01-14,17.89,,
1992-01-15,18.31,,
1992-01-16,18.54,,
1992-01-17,18.32,,
1992-01-20,18.01,,
1992-01-21,17.75,,
1992-01-22,18.05,,
1992-01-23,17.86,,
1992-01-24,18.22,,
1992-01-27,18.44,,
1992-01-28,18.24,,
1992-01-29,18.09,,
1992-01-30,18.14,,
1992-01-31,18.15,,
1992-02-03,18.16,,
1992-02-04,18.3,,
1992-02-05,18.3,,
1992-02-06,18.41,,
1992-02-07,18.86,,
1992-02-10,18.79,,
1992-02-11,18.38,,
1992-02-12,18.26,,
1992-02-13,18.5,,
1992-02-17,17.55,,
1992-02-18,17.6,,
1992-02-19,17.74,,
1992-02-20,17.84,,
1992-02-21,17.71,,
1992-02-24,17.43,,
1992-02-25,17.47,,
1992-02-26,17.35,,
1992-02-27,17.64,,
1992-02-28,17.55,,
1992-03-02,17.22,,
1992-03-03,17.43,,
1992-03-04,17.42,,
1992-03-05,17.41,,
1992-03-06,17.38,,
1992-03-09,17.44,,
1992-03-10,17.48,,
1992-03-11,17.39,,
1992-03-12,17.75,,
1992-03-13,17.87,,
1992-03-16,17.82,,
1992-03-17,17.86,,
1992-03-18,17.77,,
1992-03-19,17.98,,
1992-03-20,17.68,,
1992-03-23,17.8,,
1992-03-24,17.85,,
1992-03-25,17.91,,
1992-03-26,17.98,,
1992-03-27,17.91,,
1992-03-30,17.97,,
1992-03-31,18.14,,
1992-04-01,18.4,,
1992-04-02,18.33,,
1992-04-03,18.76,,
1992-04-06,18.97,,
1992-04-07,18.83,,
1992-04-08,19.18,,
1992-04-09,18.91,,
1992-04-10,19.09,,
1992-04-13,18.89,,
1992-04-14,18.59,,
1992-04-15,18.63,,
1992-04-16,18.99,,
1992-04-21,19.04,,
1992-04-22,18.76,,
1992-04-23,18.75,,
1992-04-24,18.86,,
1992-04-27,18.95,,
1992-04-28,19.11,,
1992-04-29,19.47,,
1992-04-30,19.66,,
1992-05-01,19.7,,
1992-05-05,19.69,,
1992-05-06,19.64,,
1992-05-07,19.56,,
1992-05-08,19.7,,
1992-05-11,19.89,,
1992-05-12,19.86,,
1992-05-13,19.97,,
1992-05-14,19.83,,
1992-05-15,19.59,,
1992-05-18,19.46,,
1992-05-19,19.18,,
1992-05-20,19.18,,
1992-05-21,19.68,,
1992-05-22,19.72,,
1992-05-26,20.69,,
1992-05-27,20.7,,
1992-05-28,20.66,,
1992-05-29,20.79,,
1992-06-01,20.79,,
1992-06-02,20.82,,
1992-06-03,21.07,,
1992-06-04,21.16,,
1992-06-05,21.3,,
1992-06-08,21.13,,
1992-06-09,21.03,,
1992-06-10,21.18,,
1992-06-11,21.1,,
1992-06-12,21.1,,
1992-06-15,21.25,,
1992-06-16,21.12,,
1992-06-17,21.11,,
1992-06-18,21.06,,
1992-06-19,21.09,,
1992-06-22,21.19,,
1992-06-23,21.29,,
1992-06-24,21.57,,
1992-06-25,21.31,,
1992-06-26,21.17,,
1992-06-29,20.99,,
1992-06-30,20.41,,
1992-07-01,20.6,,
1992-07-02,20.75,,
1992-07-03,20.8,,
1992-07-06,20.57,,
1992-07-07,20.04,,
1992-07-08,20.0,,
1992-07-09,19.98,,
1992-07-10,19.86,,
1992-07-13,19.97,,
1992-07-14,20.07,,
1992-07-15,20.21,,
1992-07-16,20.31,,
1992-07-17,20.13,,
1992-07-20,20.24,,
1992-07-21,20.21,,
1992-07-22,20.44,,
1992-07-23,20.6,,
1992-07-24,20.71,,
1992-07-27,20.73,,
1992-07-28,20.72,,
1992-07-29,20.66,,
1992-07-30,20.46,,
1992-07-31,20.47,,
1992-08-03,20.21,,
1992-08-04,19.99,,
1992-08-05,19.84,,
1992-08-06,20.03,,
1992-08-07,19.86,,
1992-08-10,19.69,,
1992-08-11,19.59,,
1992-08-12,19.72,,
1992-08-13,20.03,,
1992-08-14,20.0,,
1992-08-17,20.05,,
1992-08-18,20.0,,
1992-08-19,19.86,,
1992-08-20,19.82,,
1992-08-21,19.68,,
1992-08-24,20.04,,
1992-08-25,19.75,,
1992-08-26,19.74,,
1992-08-27,19.72,,
1992-08-28,19.87,,
1992-09-01,20.13,,
1992-09-02,20.13,,
1992-09-03,20.09,,
1992-09-04,20.19,,
1992-09-07,20.26,,
1992-09-08,20.37,,
1992-09-09,20.4,,
1992-09-10,20.38,,
1992-09-11,20.43,,
1992-09-14,20.67,,
1992-09-15,20.58,,
1992-09-16,20.63,,
1992-09-17,20.45,,
1992-09-18,20.31,,
1992-09-21,20.28,,
1992-09-22,20.42,,
1992-09-23,20.65,,
1992-09-24,20.47,,
1992-09-25,20.33,,
1992-09-28,20.4,,
1992-09-29,20.32,,
1992-09-30,20.34,,
1992-10-01,20.45,,
1992-10-02,20.5,,
1992-10-05,20.36,,
1992-10-06,20.35,,
1992-10-07,20.45,,
1992-10-08,20.55,,
1992-10-09,20.9,,
1992-10-12,20.83,,
1992-10-13,20.7,,
1992-10-14,20.64,,
1992-10-15,20.81,,
1992-10-16,20.81,,
1992-10-19,20.79,,
1992-10-20,20.71,,
1992-10-21,20.41,,
1992-10-22,20.11,,
1992-10-23,19.98,,
1992-10-26,20.02,,
1992-10-27,19.85,,
1992-10-28,19.9,,
1992-10-29,19.59,,
1992-10-30,19.45,,
1992-11-02,19.55,,
1992-11-03,19.5,,
1992-11-04,19.15,,
1992-11-05,19.38,,
1992-11-06,19.19,,
1992-11-09,19.5,,
1992-11-10,19.45,,
1992-11-11,19.36,,
1992-11-12,19.14,,
1992-11-13,19.01,,
1992-11-16,19.27,,
1992-11-17,19.15,,
1992-11-18,19.04,,
1992-11-19,19.34,,
1992-11-20,19.36,,
1992-11-23,19.01,,
1992-11-24,19.05,,
1992-11-25,19.18,,
1992-11-26,18.75,,
1992-11-27,18.95,,
1992-11-30,18.84,,
1992-12-01,18.49,,
1992-12-02,18.34,,
1992-12-03,18.08,,
1992-12-04,18.05,,
1992-12-07,18.24,,
1992-12-08,17.94,,
1992-12-09,17.85,,
1992-12-10,18.27,,
1992-12-11,18.1,,
1992-12-14,18.02,,
1992-12-15,17.87,,
1992-12-16,18.06,,
1992-12-17,18.57,,
1992-12-18,18.56,,
1992-12-21,18.64,,
1992-12-22,18.49,,
1992-12-23,18.61,,
1992-12-24,18.7,,
1992-12-29,18.34,,
1992-12-30,18.27,,
1992-12-31,18.29,,
1993-01-04,17.79,,
1993-01-05,17.97,,
1993-01-06,17.75,,
1993-01-07,17.58,,
1993-01-08,17.48,,
1993-01-11,17.42,,
1993-01-12,17.01,,
1993-01-13,17.06,,
1993-01-14,17.23,,
1993-01-15,17.5,,
1993-01-18,17.46,,
1993-01-19,17.19,,
1993-01-20,16.97,,
1993-01-21,17.42,,
1993-01-22,17.31,,
1993-01-25,18.07,,
1993-01-26,18.03,,
1993-01-27,18.03,,
1993-01-28,18.62,,
1993-01-29,18.47,,
1993-02-01,18.57,,
1993-02-02,18.25,,
1993-02-03,18.26,,
1993-02-04,18.56,,
1993-02-05,18.56,,
1993-02-08,18.3,,
1993-02-09,18.29,,
1993-02-10,18.31,,
1993-02-11,18.39,,
1993-02-12,18.21,,
1993-02-15,17.96,,
1993-02-16,18.15,,
1993-02-17,17.73,,
1993-02-18,17.98,,
1993-02-19,18.28,,
1993-02-22,18.63,,
1993-02-23,18.95,,
1993-02-24,19.01,,
1993-02-25,18.98,,
1993-02-26,18.92,,
1993-03-01,18.96,,
1993-03-02,18.87,,
1993-03-03,18.97,,
1993-03-04,19.48,,
1993-03-05,19.37,,
1993-03-08,19.05,,
1993-03-09,19.05,,
1993-03-10,18.88,,
1993-03-11,18.55,,
1993-03-12,18.89,,
1993-03-15,18.69,,
1993-03-16,18.6,,
1993-03-17,18.71,,
1993-03-18,18.84,,
1993-03-19,18.62,,
1993-03-22,18.27,,
1993-03-23,18.49,,
1993-03-24,18.63,,
1993-03-25,18.77,,
1993-03-26,18.75,,
1993-03-29,18.79,,
1993-03-30,18.66,,
1993-03-31,18.9,,
1993-04-01,19.0,,
1993-04-02,19.11,,
1993-04-05,19.06,,
1993-04-06,18.78,,
1993-04-07,18.86,,
1993-04-08,18.77,,
1993-04-13,18.91,,
1993-04-14,18.86,,
1993-04-15,18.85,,
1993-04-16,18.81,,
1993-04-19,18.72,,
1993-04-20,18.8,,
1993-04-21,18.88,,
1993-04-22,18.76,,
1993-04-23,18.91,,
1993-04-26,18.9,,
1993-04-27,18.76,,
1993-04-28,18.79,,
1993-04-29,19.15,,
1993-04-30,19.15,,
1993-05-04,19.05,,
1993-05-05,19.16,,
1993-05-06,19.16,,
1993-05-07,19.19,,
1993-05-10,19.1,,
1993-05-11,19.07,,
1993-05-12,18.97,,
1993-05-13,18.7,,
1993-05-14,18.6,,
1993-05-17,18.41,,
1993-05-18,18.28,,
1993-05-19,18.2,,
1993-05-20,18.45,,
1993-05-21,18.43,,
1993-05-24,18.33,,
1993-05-25,18.49,,
1993-05-26,18.48,,
1993-05-27,18.59,,
1993-05-28,18.6,,
1993-06-01,18.72,,
1993-06-02,18.54,,
1993-06-03,18.31,,
1993-06-04,18.31,,
1993-06-07,18.19,,
1993-06-08,18.27,,
1993-06-09,18.26,,
1993-06-10,17.96,,
1993-06-11,17.66,,
1993-06-14,17.56,,
1993-06-15,17.33,,
1993-06-16,17.66,,
1993-06-17,17.55,,
1993-06-18,17.56,,
1993-06-21,17.5,,
1993-06-22,17.45,,
1993-06-23,17.48,,
1993-06-24,17.48,,
1993-06-25,17.45,,
1993-06-28,17.52,,
1993-06-29,17.66,,
1993-06-30,17.51,,
1993-07-01,17.14,,
1993-07-02,16.74,,
1993-07-05,16.93,,
1993-07-06,17.06,,
1993-07-07,16.91,,
1993-07-08,16.57,,
1993-07-09,16.65,,
1993-07-12,16.89,,
1993-07-13,16.96,,
1993-07-14,16.43,,
1993-07-15,16.38,,
1993-07-16,16.31,,
1993-07-19,17.05,,
1993-07-20,16.71,,
1993-07-21,16.81,,
1993-07-22,16.65,,
1993-07-23,16.69,,
1993-07-26,16.93,,
1993-07-27,17.24,,
1993-07-28,17.09,,
1993-07-29,16.89,,
1993-07-30,16.75,,
1993-08-02,16.79,,
1993-08-03,16.67,,
1993-08-04,16.66,,
1993-08-05,16.49,,
1993-08-06,16.4,,
1993-08-09,16.63,,
1993-08-10,16.56,,
1993-08-11,16.91,,
1993-08-12,17.02,,
1993-08-13,17.04,,
1993-08-16,16.96,,
1993-08-17,17.09,,
1993-08-18,16.96,,
1993-08-19,16.96,,
1993-08-20,17.09,,
1993-08-23,17.23,,
1993-08-24,17.12,,
1993-08-25,17.04,,
1993-08-26,17.16,,
1993-08-27,17.46,,
1993-08-31,17.08,,
1993-09-01,16.73,,
1993-09-02,16.68,,
1993-09-03,16.53,,
1993-09-06,16.52,,
1993-09-07,15.99,,
1993-09-08,16.02,,
1993-09-09,16.0,,
1993-09-10,15.71,,
1993-09-13,15.82,,
1993-09-14,15.71,,
1993-09-15,15.6,,
1993-09-16,15.93,,
1993-09-17,16.13,,
1993-09-20,16.62,,
1993-09-21,16.66,,
1993-09-22,16.28,,
1993-09-23,16.24,,
1993-09-24,16.29,,
1993-09-27,16.55,,
1993-09-28,16.66,,
1993-09-29,17.35,,
1993-09-30,17.43,,
1993-10-01,17.3,,
1993-10-04,17.08,,
1993-10-05,17.01,,
1993-10-06,17.07,,
1993-10-07,17.16,,
1993-10-08,17.19,,
1993-10-11,17.37,,
1993-10-12,17.29,,
1993-10-13,17.12,,
1993-10-14,16.98,,
1993-10-15,16.93,,
1993-10-18,16.82,,
1993-10-19,16.95,,
1993-10-20,17.08,,
1993-10-21,17.11,,
1993-10-22,16.85,,
1993-10-25,16.37,,
1993-10-26,16.32,,
1993-10-27,16.42,,
1993-10-28,16.22,,
1993-10-29,15.8,,
1993-11-01,16.21,,
1993-11-02,15.91,,
1993-11-03,16.22,,
1993-11-04,16.13,,
1993-11-05,15.86,,
1993-11-08,15.58,,
1993-11-09,15.43,,
1993-11-10,15.32,,
1993-11-11,15.63,,
1993-11-12,15.49,,
1993-11-15,15.43,,
1993-11-16,15.86,,
1993-11-17,16.11,,
1993-11-18,15.76,,
1993-11-19,15.79,,
1993-11-22,15.87,,
1993-11-23,15.4,,
1993-11-24,15.14,,
1993-11-25,14.56,,
1993-11-26,14.48,,
1993-11-29,14.22,,
1993-11-30,14.52,,
1993-12-01,14.55,,
1993-12-02,13.95,,
1993-12-03,14.08,,
1993-12-06,13.64,,
1993-12-07,13.56,,
1993-12-08,13.5,,
1993-12-09,13.65,,
1993-12-10,14.03,,
1993-12-13,13.57,,
1993-12-14,13.66,,
1993-12-15,13.53,,
1993-12-16,13.44,,
1993-12-17,13.56,,
1993-12-20,13.5,,
1993-12-21,13.47,,
1993-12-22,13.74,,
1993-12-23,13.62,,
1993-12-24,13.64,,
1993-12-29,13.5,,
1993-12-30,13.24,,
1993-12-31,13.2,,
1994-01-04,13.61,,
1994-01-05,14.26,,
1994-01-06,14.36,,
1994-01-07,14.23,,
1994-01-10,13.74,,
1994-01-11,13.83,,
1994-01-12,13.52,,
1994-01-13,13.68,,
1994-01-14,13.94,,
1994-01-17,14.09,,
1994-01-18,13.89,,
1994-01-19,14.02,,
1994-01-20,13.76,,
1994-01-21,13.87,,
1994-01-24,14.09,,
1994-01-25,14.14,,
1994-01-26,14.38,,
1994-01-27,14.3,,
1994-01-28,14.31,,
1994-01-31,14.22,,
1994-02-01,14.72,,
1994-02-02,14.78,,
1994-02-03,14.68,,
1994-02-04,14.41,,
1994-02-07,14.1,,
1994-02-08,14.04,,
1994-02-09,13.47,,
1994-02-10,13.59,,
1994-02-11,13.63,,
1994-02-14,13.36,,
1994-02-15,13.27,,
1994-02-16,12.92,,
1994-02-17,13.08,,
1994-02-18,13.12,,
1994-02-21,13.16,,
1994-02-22,13.24,,
1994-02-23,13.33,,
1994-02-24,13.59,,
1994-02-25,13.47,,
1994-02-28,13.35,,
1994-03-01,13.57,,
1994-03-02,13.6,,
1994-03-03,13.57,,
1994-03-04,13.45,,
1994-03-07,13.04,,
1994-03-08,13.07,,
1994-03-09,13.2,,
1994-03-10,13.19,,
1994-03-11,13.65,,
1994-03-14,13.76,,
1994-03-15,14.05,,
1994-03-16,13.82,,
1994-03-17,13.54,,
1994-03-18,13.63,,
1994-03-21,13.98,,
1994-03-22,13.92,,
1994-03-23,13.8,,
1994-03-24,13.89,,
1994-03-25,14.11,,
1994-03-28,13.02,,
1994-03-29,13.1,,
1994-03-30,13.25,,
1994-03-31,13.25,,
1994-04-05,14.4,,
1994-04-06,14.45,,
1994-04-07,14.39,,
1994-04-08,14.36,,
1994-04-11,14.65,,
1994-04-12,14.56,,
1994-04-13,14.7,,
1994-04-14,15.01,,
1994-04-15,15.12,,
1994-04-18,15.09,,
1994-04-19,14.82,,
1994-04-20,14.94,,
1994-04-21,15.23,,
1994-04-22,15.74,,
1994-04-25,15.83,,
1994-04-26,15.54,,
1994-04-27,15.34,,
1994-04-28,15.23,,
1994-04-29,15.69,,
1994-05-03,15.54,,
1994-05-04,15.48,,
1994-05-05,15.8,,
1994-05-06,16.28,,
1994-05-09,16.22,,
1994-05-10,16.02,,
1994-05-11,16.09,,
1994-05-12,16.44,,
1994-05-13,16.59,,
1994-05-16,16.36,,
1994-05-17,15.82,,
1994-05-18,16.09,,
1994-05-19,16.34,,
1994-05-20,16.55,,
1994-05-23,16.41,,
1994-05-24,16.32,,
1994-05-25,16.12,,
1994-05-26,16.12,,
1994-05-27,16.39,,
1994-05-31,16.45,,
1994-06-01,16.34,,
1994-06-02,16.42,,
1994-06-03,16.37,,
1994-06-06,16.27,,
1994-06-07,15.94,,
1994-06-08,16.24,,
1994-06-09,16.31,,
1994-06-10,16.39,,
1994-06-13,16.41,,
1994-06-14,16.35,,
1994-06-15,16.66,,
1994-06-16,16.92,,
1994-06-17,17.41,,
1994-06-20,17.46,,
1994-06-21,17.3,,
1994-06-22,17.19,,
1994-06-23,17.36,,
1994-06-24,17.38,,
1994-06-27,17.17,,
1994-06-28,17.31,,
1994-06-29,17.01,,
1994-06-30,17.52,,
1994-07-01,17.57,,
1994-07-04,17.47,,
1994-07-05,17.38,,
1994-07-06,17.06,,
1994-07-07,17.08,,
1994-07-08,17.37,,
1994-07-11,17.96,,
1994-07-12,18.26,,
1994-07-13,18.33,,
1994-07-14,18.59,,
1994-07-15,17.77,,
1994-07-18,17.38,,
1994-07-19,17.49,,
1994-07-20,17.46,,
1994-07-21,17.68,,
1994-07-22,17.84,,
1994-07-25,17.57,,
1994-07-26,17.65,,
1994-07-27,17.89,,
1994-07-28,18.18,,
1994-07-29,18.59,,
1994-08-01,18.9,,
1994-08-02,18.51,,
1994-08-03,18.44,,
1994-08-04,18.42,,
1994-08-05,17.86,,
1994-08-08,17.87,,
1994-08-09,17.85,,
1994-08-10,17.67,,
1994-08-11,17.49,,
1994-08-12,16.95,,
1994-08-15,16.87,,
1994-08-16,16.82,,
1994-08-17,17.04,,
1994-08-18,16.55,,
1994-08-19,16.3,,
1994-08-22,15.76,,
1994-08-23,15.95,,
1994-08-24,16.35,,
1994-08-25,16.36,,
1994-08-26,16.04,,
1994-08-30,16.24,,
1994-08-31,16.24,,
1994-09-01,16.27,,
1994-09-02,16.32,,
1994-09-05,15.95,,
1994-09-06,16.33,,
1994-09-07,16.53,,
1994-09-08,16.33,,
1994-09-09,16.22,,
1994-09-12,16.12,,
1994-09-13,15.85,,
1994-09-14,15.42,,
1994-09-15,15.53,,
1994-09-16,15.79,,
1994-09-19,16.22,,
1994-09-20,16.13,,
1994-09-21,16.01,,
1994-09-22,16.48,,
1994-09-23,16.66,,
1994-09-26,16.51,,
1994-09-27,16.37,,
1994-09-28,16.53,,
1994-09-29,16.74,,
1994-09-30,17.15,,
1994-10-03,16.96,,
1994-10-04,16.84,,
1994-10-05,16.77,,
1994-10-06,16.97,,
1994-10-07,16.93,,
1994-10-10,16.64,,
1994-10-11,16.44,,
1994-10-12,15.84,,
1994-10-13,15.85,,
1994-10-14,15.81,,
1994-10-17,15.9,,
1994-10-18,16.16,,
1994-10-19,16.36,,
1994-10-20,16.42,,
1994-10-21,16.26,,
1994-10-24,16.4,,
1994-10-25,16.54,,
1994-10-26,16.87,,
1994-10-27,16.95,,
1994-10-28,17.01,,
1994-10-31,16.92,,
1994-11-01,17.33,,
1994-11-02,17.59,,
1994-11-03,17.67,,
1994-11-04,17.74,,
1994-11-07,17.38,,
1994-11-08,17.48,,
1994-11-09,17.19,,
1994-11-10,17.26,,
1994-11-11,17.46,,
1994-11-14,17.29,,
1994-11-15,17.36,,
1994-11-16,16.45,,
1994-11-17,16.63,,
1994-11-18,16.72,,
1994-11-21,16.95,,
1994-11-22,17.1,,
1994-11-23,17.14,,
1994-11-24,17.15,,
1994-11-25,17.16,,
1994-11-28,17.16,,
1994-11-29,17.11,,
1994-11-30,17.11,,
1994-12-01,16.87,,
1994-12-02,16.19,,
1994-12-05,16.14,,
1994-12-06,16.16,,
1994-12-07,16.06,,
1994-12-08,16.29,,
1994-12-09,16.26,,
1994-12-12,15.94,,
1994-12-13,15.96,,
1994-12-14,15.97,,
1994-12-15,15.87,,
1994-12-16,15.88,,
1994-12-19,15.86,,
1994-12-20,15.99,,
1994-12-21,15.92,,
1994-12-22,15.95,,
1994-12-23,15.92,,
1994-12-28,16.42,,
1994-12-29,16.42,,
1994-12-30,16.5,,
1995-01-03,16.09,,
1995-01-04,16.19,,
1995-01-05,16.46,,
1995-01-06,16.5,,
1995-01-09,16.28,,
1995-01-10,16.19,,
1995-01-11,16.63,,
1995-01-12,16.63,,
1995-01-13,16.38,,
1995-01-16,16.37,,
1995-01-17,16.82,,
1995-01-18,16.93,,
1995-01-19,16.8,,
1995-01-20,16.87,,
1995-01-23,16.64,,
1995-01-24,16.86,,
1995-01-25,16.79,,
1995-01-26,16.67,,
1995-01-27,16.39,,
1995-01-30,16.57,,
1995-01-31,16.8,,
1995-02-01,16.88,,
1995-02-02,16.89,,
1995-02-03,17.2,,
1995-02-06,17.22,,
1995-02-07,17.07,,
1995-02-08,17.07,,
1995-02-09,17.11,,
1995-02-10,17.33,,
1995-02-13,17.42,,
1995-02-14,16.75,,
1995-02-15,16.76,,
1995-02-16,16.92,,
1995-02-17,17.14,,
1995-02-20,16.97,,
1995-02-21,16.95,,
1995-02-22,16.97,,
1995-02-23,16.84,,
1995-02-24,17.08,,
1995-02-27,17.06,,
1995-02-28,16.87,,
1995-03-01,16.61,,
1995-03-02,16.63,,
1995-03-03,16.87,,
1995-03-06,16.86,,
1995-03-07,16.94,,
1995-03-08,16.78,,
1995-03-09,16.58,,
1995-03-10,16.46,,
1995-03-13,16.6,,
1995-03-14,16.46,,
1995-03-15,16.57,,
1995-03-16,16.65,,
1995-03-17,16.63,,
1995-03-20,16.84,,
1995-03-21,16.76,,
1995-03-22,17.22,,
1995-03-23,17.26,,
1995-03-24,17.12,,
1995-03-27,17.31,,
1995-03-28,17.24,,
1995-03-29,17.46,,
1995-03-30,17.39,,
1995-03-31,17.5,,
1995-04-03,17.39,,
1995-04-04,17.56,,
1995-04-05,17.97,,
1995-04-06,18.25,,
1995-04-07,18.23,,
1995-04-10,18.26,,
1995-04-11,18.63,,
1995-04-12,18.9,,
1995-04-13,17.62,,
1995-04-18,18.36,,
1995-04-19,18.5,,
1995-04-20,18.53,,
1995-04-21,18.79,,
1995-04-24,18.55,,
1995-04-25,18.74,,
1995-04-26,18.71,,
1995-04-27,19.07,,
1995-04-28,19.06,,
1995-05-01,19.17,,
1995-05-02,18.67,,
1995-05-03,18.57,,
1995-05-04,18.92,,
1995-05-05,19.0,,
1995-05-09,18.33,,
1995-05-10,18.44,,
1995-05-11,18.31,,
1995-05-12,18.52,,
1995-05-15,18.75,,
1995-05-16,18.77,,
1995-05-17,18.37,,
1995-05-18,18.29,,
1995-05-19,18.39,,
1995-05-22,18.48,,
1995-05-23,18.39,,
1995-05-24,18.13,,
1995-05-25,18.0,,
1995-05-26,17.36,,
1995-05-30,17.6,,
1995-05-31,17.7,,
1995-06-01,17.69,,
1995-06-02,17.94,,
1995-06-05,18.1,,
1995-06-06,17.89,,
1995-06-07,17.98,,
1995-06-08,17.76,,
1995-06-09,17.69,,
1995-06-12,17.66,,
1995-06-13,17.7,,
1995-06-14,17.87,,
1995-06-15,17.9,,
1995-06-16,17.34,,
1995-06-19,16.71,,
1995-06-20,16.69,,
1995-06-21,16.21,,
1995-06-22,16.39,,
1995-06-23,16.45,,
1995-06-26,16.43,,
1995-06-27,16.63,,
1995-06-28,16.83,,
1995-06-29,16.43,,
1995-06-30,16.38,,
1995-07-03,16.27,,
1995-07-04,16.02,,
1995-07-05,16.09,,
1995-07-06,16.2,,
1995-07-07,16.05,,
1995-07-10,16.11,,
1995-07-11,16.06,,
1995-07-12,16.23,,
1995-07-13,16.05,,
1995-07-14,16.06,,
1995-07-17,15.83,,
1995-07-18,15.91,,
1995-07-19,15.83,,
1995-07-20,15.6,,
1995-07-21,15.59,,
1995-07-24,15.65,,
1995-07-25,15.73,,
1995-07-26,16.11,,
1995-07-27,16.11,,
1995-07-28,16.01,,
1995-07-31,16.01,,
1995-08-01,16.15,,
1995-08-02,16.21,,
1995-08-03,16.23,,
1995-08-04,16.23,,
1995-08-07,16.17,,
1995-08-08,16.19,,
1995-08-09,16.29,,
1995-08-10,16.31,,
1995-08-11,16.26,,
1995-08-14,15.96,,
1995-08-15,15.85,,
1995-08-16,15.84,,
1995-08-17,15.96,,
1995-08-18,16.04,,
1995-08-21,16.26,,
1995-08-22,16.29,,
1995-08-23,16.26,,
1995-08-24,16.2,,
1995-08-25,16.17,,
1995-08-29,16.19,,
1995-08-30,16.2,,
1995-08-31,16.25,,
1995-09-01,16.43,,
1995-09-04,16.61,,
1995-09-05,16.85,,
1995-09-06,16.66,,
1995-09-07,16.62,,
1995-09-08,16.74,,
1995-09-11,16.74,,
1995-09-12,16.87,,
1995-09-13,16.78,,
1995-09-14,16.91,,
1995-09-15,16.8,,
1995-09-18,16.84,,
1995-09-19,16.79,,
1995-09-20,16.39,,
1995-09-21,16.12,,
1995-09-22,15.96,,
1995-09-25,16.08,,
1995-09-26,16.0,,
1995-09-27,16.17,,
1995-09-28,16.33,,
1995-09-29,16.12,,
1995-10-02,16.23,,
1995-10-03,16.16,,
1995-10-04,15.98,,
1995-10-05,15.61,,
1995-10-06,15.76,,
1995-10-09,15.96,,
1995-10-10,16.03,,
1995-10-11,15.94,,
1995-10-12,15.83,,
1995-10-13,16.23,,
1995-10-16,16.31,,
1995-10-17,16.11,,
1995-10-18,16.05,,
1995-10-19,15.84,,
1995-10-20,15.88,,
1995-10-23,15.94,,
1995-10-24,16.05,,
1995-10-25,16.03,,
1995-10-26,16.25,,
1995-10-27,16.28,,
1995-10-30,16.27,,
1995-10-31,16.33,,
1995-11-01,16.39,,
1995-11-02,16.64,,
1995-11-03,16.63,,
1995-11-06,16.47,,
1995-11-07,16.4,,
1995-11-08,16.62,,
1995-11-09,16.65,,
1995-11-10,16.58,,
1995-11-13,16.6,,
1995-11-14,16.62,,
1995-11-15,16.73,,
1995-11-16,16.68,,
1995-11-17,16.93,,
1995-11-20,16.81,,
1995-11-21,16.75,,
1995-11-22,16.75,,
1995-11-23,16.74,,
1995-11-24,16.79,,
1995-11-27,17.18,,
1995-11-28,17.14,,
1995-11-29,17.08,,
1995-11-30,17.04,,
1995-12-01,17.25,,
1995-12-04,17.45,,
1995-12-05,17.52,,
1995-12-06,17.59,,
1995-12-07,17.57,,
1995-12-08,17.76,,
1995-12-11,17.52,,
1995-12-12,17.43,,
1995-12-13,17.94,,
1995-12-14,18.06,,
1995-12-15,17.83,,
1995-12-18,17.88,,
1995-12-19,17.74,,
1995-12-20,17.85,,
1995-12-21,17.8,,
1995-12-22,17.82,,
1995-12-27,18.35,,
1995-12-28,18.26,,
1995-12-29,18.33,,
1996-01-02,18.62,,
1996-01-03,18.63,,
1996-01-04,18.68,,
1996-01-05,19.05,,
1996-01-08,19.22,,
1996-01-09,18.66,,
1996-01-10,18.5,,
1996-01-11,17.89,,
1996-01-12,17.41,,
1996-01-15,17.56,,
1996-01-16,17.76,,
1996-01-17,17.09,,
1996-01-18,17.32,,
1996-01-19,17.12,,
1996-01-22,16.99,,
1996-01-23,16.87,,
1996-01-24,16.99,,
1996-01-25,16.48,,
1996-01-26,16.49,,
1996-01-29,16.22,,
1996-01-30,16.37,,
1996-01-31,16.52,,
1996-02-01,16.52,,
1996-02-02,16.71,,
1996-02-05,16.54,,
1996-02-06,16.61,,
1996-02-07,16.59,,
1996-02-08,16.74,,
1996-02-09,16.78,,
1996-02-12,16.93,,
1996-02-13,17.79,,
1996-02-14,17.93,,
1996-02-15,17.15,,
1996-02-16,17.1,,
1996-02-19,17.22,,
1996-02-20,17.55,,
1996-02-21,18.22,,
1996-02-22,18.28,,
1996-02-23,17.55,,
1996-02-26,17.8,,
1996-02-27,17.97,,
1996-02-28,17.71,,
1996-02-29,17.76,,
1996-03-01,17.76,,
1996-03-04,17.5,,
1996-03-05,17.92,,
1996-03-06,18.38,,
1996-03-07,18.39,,
1996-03-08,18.19,,
1996-03-11,18.4,,
1996-03-12,18.86,,
1996-03-13,18.92,,
1996-03-14,19.05,,
1996-03-15,18.18,,
1996-03-18,18.85,,
1996-03-19,18.61,,
1996-03-20,18.68,,
1996-03-21,18.87,,
1996-03-22,19.62,,
1996-03-25,20.18,,
1996-03-26,19.94,,
1996-03-27,19.69,,
1996-03-28,19.21,,
1996-03-29,19.41,,
1996-04-01,19.74,,
1996-04-02,20.19,,
1996-04-03,19.98,,
1996-04-04,20.25,,
1996-04-09,20.7,,
1996-04-10,22.03,,
1996-04-11,23.06,,
1996-04-12,21.75,,
1996-04-15,21.83,,
1996-04-16,19.51,,
1996-04-17,19.12,,
1996-04-18,18.4,,
1996-04-19,18.53,,
1996-04-22,19.03,,
1996-04-23,20.23,,
1996-04-24,19.88,,
1996-04-25,19.84,,
1996-04-26,19.8,,
1996-04-29,19.85,,
1996-04-30,19.02,,
1996-05-01,18.8,,
1996-05-02,18.79,,
1996-05-03,19.17,,
1996-05-07,19.36,,
1996-05-08,19.3,,
1996-05-09,18.8,,
1996-05-10,19.05,,
1996-05-13,19.33,,
1996-05-14,19.35,,
1996-05-15,19.3,,
1996-05-16,18.69,,
1996-05-17,17.54,,
1996-05-20,18.61,,
1996-05-21,18.42,,
1996-05-22,19.06,,
1996-05-23,18.89,,
1996-05-24,19.1,,
1996-05-28,18.94,,
1996-05-29,18.63,,
1996-05-30,17.89,,
1996-05-31,17.8,,
1996-06-03,17.92,,
1996-06-04,18.55,,
1996-06-05,17.86,,
1996-06-06,18.04,,
1996-06-07,18.28,,
1996-06-10,18.28,,
1996-06-11,18.03,,
1996-06-12,18.06,,
1996-06-13,18.01,,
1996-06-14,17.85,,
1996-06-17,18.65,,
1996-06-18,18.2,,
1996-06-19,18.0,,
1996-06-20,18.08,,
1996-06-21,18.06,,
1996-06-24,18.1,,
1996-06-25,18.09,,
1996-06-26,18.71,,
1996-06-27,18.87,,
1996-06-28,18.91,,
1996-07-01,19.47,,
1996-07-02,19.05,,
1996-07-03,19.31,,
1996-07-04,19.52,,
1996-07-05,19.74,,
1996-07-08,19.35,,
1996-07-09,19.53,,
1996-07-10,19.64,,
1996-07-11,20.04,,
1996-07-12,20.01,,
1996-07-15,20.45,,
1996-07-16,20.46,,
1996-07-17,19.4,,
1996-07-18,19.43,,
1996-07-19,19.22,,
1996-07-22,19.17,,
1996-07-23,19.41,,
1996-07-24,19.07,,
1996-07-25,19.22,,
1996-07-26,18.72,,
1996-07-29,18.89,,
1996-07-30,18.77,,
1996-07-31,18.9,,
1996-08-01,19.4,,
1996-08-02,19.59,,
1996-08-05,19.63,,
1996-08-06,19.62,,
1996-08-07,19.76,,
1996-08-08,19.97,,
1996-08-09,19.93,,
1996-08-12,20.66,,
1996-08-13,20.73,,
1996-08-14,20.68,,
1996-08-15,20.57,,
1996-08-16,20.53,,
1996-08-19,20.85,,
1996-08-20,20.47,,
1996-08-21,20.2,,
1996-08-22,20.72,,
1996-08-23,20.41,,
1996-08-27,20.03,,
1996-08-28,20.27,,
1996-08-29,20.75,,
1996-08-30,20.78,,
1996-09-02,21.99,,
1996-09-03,22.21,,
1996-09-04,22.11,,
1996-09-05,22.16,,
1996-09-06,22.54,,
1996-09-09,22.61,,
1996-09-10,22.88,,
1996-09-11,23.58,,
1996-09-12,23.87,,
1996-09-13,24.12,,
1996-09-16,21.6,,
1996-09-17,21.71,,
1996-09-18,22.31,,
1996-09-19,21.91,,
1996-09-20,21.99,,
1996-09-23,22.26,,
1996-09-24,22.96,,
1996-09-25,23.2,,
1996-09-26,22.93,,
1996-09-27,23.47,,
1996-09-30,23.21,,
1996-10-01,23.07,,
1996-10-02,23.1,,
1996-10-03,23.74,,
1996-10-04,23.85,,
1996-10-07,24.49,,
1996-10-08,24.58,,
1996-10-09,24.27,,
1996-10-10,23.59,,
1996-10-11,23.98,,
1996-10-14,24.86,,
1996-10-15,24.73,,
1996-10-16,24.83,,
1996-10-17,24.19,,
1996-10-18,24.53,,
1996-10-21,24.64,,
1996-10-22,24.66,,
1996-10-23,24.07,,
1996-10-24,23.75,,
1996-10-25,24.22,,
1996-10-28,24.18,,
1996-10-29,23.74,,
1996-10-30,23.57,,
1996-10-31,22.67,,
1996-11-01,22.5,,
1996-11-04,22.28,,
1996-11-05,22.19,,
1996-11-06,22.15,,
1996-11-07,22.21,,
1996-11-08,22.98,,
1996-11-11,23.01,,
1996-11-12,22.83,,
1996-11-13,23.89,,
1996-11-14,23.81,,
1996-11-15,23.3,,
1996-11-18,22.87,,
1996-11-19,23.38,,
1996-11-20,22.54,,
1996-11-21,23.13,,
1996-11-22,23.03,,
1996-11-25,22.62,,
1996-11-26,22.74,,
1996-11-27,22.72,,
1996-11-28,22.6,,
1996-11-29,22.77,,
1996-12-02,23.62,,
1996-12-03,23.77,,
1996-12-04,23.78,,
1996-12-05,24.63,,
1996-12-06,24.54,,
1996-12-09,24.1,,
1996-12-10,23.29,,
1996-12-11,22.15,,
1996-12-12,22.52,,
1996-12-13,23.53,,
1996-12-16,24.1,,
1996-12-17,23.7,,
1996-12-18,23.92,,
1996-12-19,23.98,,
1996-12-20,23.46,,
1996-12-23,23.19,,
1996-12-24,23.39,,
1996-12-27,23.42,,
1996-12-30,23.69,,
1996-12-31,23.81,,
1997-01-02,24.22,,
1997-01-03,24.12,,
1997-01-06,24.56,,
1997-01-07,24.59,,
1997-01-08,24.8,,
1997-01-09,24.57,,
1997-01-10,24.34,,
1997-01-13,23.48,,
1997-01-14,23.36,,
1997-01-15,23.84,,
1997-01-16,23.59,,
1997-01-17,22.54,,
1997-01-20,22.58,,
1997-01-21,22.36,,
1997-01-22,22.48,,
1997-01-23,22.42,,
1997-01-24,22.26,,
1997-01-27,22.05,,
1997-01-28,22.25,,
1997-01-29,22.77,,
1997-01-30,23.18,,
1997-01-31,22.52,,
1997-02-03,22.54,,
1997-02-04,22.43,,
1997-02-05,22.47,,
1997-02-06,21.69,,
1997-02-07,20.95,,
1997-02-10,21.13,,
1997-02-11,21.14,,
1997-02-12,20.52,,
1997-02-13,20.49,,
1997-02-14,20.49,,
1997-02-17,20.34,,
1997-02-18,20.39,,
1997-02-19,20.63,,
1997-02-20,20.08,,
1997-02-21,19.79,,
1997-02-24,19.12,,
1997-02-25,19.45,,
1997-02-26,19.58,,
1997-02-27,19.35,,
1997-02-28,18.85,,
1997-03-03,18.92,,
1997-03-04,19.5,,
1997-03-05,19.4,,
1997-03-06,19.7,,
1997-03-07,19.86,,
1997-03-10,19.28,,
1997-03-11,19.24,,
1997-03-12,19.61,,
1997-03-13,19.89,,
1997-03-14,20.14,,
1997-03-17,19.5,,
1997-03-18,20.25,,
1997-03-19,20.32,,
1997-03-20,20.18,,
1997-03-21,19.99,,
1997-03-24,19.59,,
1997-03-25,19.54,,
1997-03-26,19.29,,
1997-03-27,19.38,,
1997-04-01,19.11,,
1997-04-02,18.51,,
1997-04-03,18.18,,
1997-04-04,17.68,,
1997-04-07,17.76,,
1997-04-08,17.93,,
1997-04-09,17.75,,
1997-04-10,17.93,,
1997-04-11,17.88,,
1997-04-14,18.19,,
1997-04-15,17.96,,
1997-04-16,17.81,,
1997-04-17,17.69,,
1997-04-18,17.92,,
1997-04-21,18.34,,
1997-04-22,17.99,,
1997-04-23,18.06,,
1997-04-24,18.41,,
1997-04-25,18.27,,
1997-04-28,18.26,,
1997-04-29,18.61,,
1997-04-30,18.52,,
1997-05-01,18.29,,
1997-05-02,17.97,,
1997-05-06,18.07,,
1997-05-07,18.16,,
1997-05-08,18.69,,
1997-05-09,18.93,,
1997-05-12,19.72,,
1997-05-13,19.62,,
1997-05-14,19.51,,
1997-05-15,19.44,,
1997-05-16,20.35,,
1997-05-19,20.16,,
1997-05-20,20.0,,
1997-05-21,20.13,,
1997-05-22,20.18,,
1997-05-23,20.0,,
1997-05-27,19.22,,
1997-05-28,19.24,,
1997-05-29,19.48,,
1997-05-30,19.4,,
1997-06-02,19.52,,
1997-06-03,18.9,,
1997-06-04,18.72,,
1997-06-05,18.32,,
1997-06-06,17.7,,
1997-06-09,17.56,,
1997-06-10,17.5,,
1997-06-11,17.35,,
1997-06-12,17.44,,
1997-06-13,17.69,,
1997-06-16,17.86,,
1997-06-17,18.08,,
1997-06-18,17.77,,
1997-06-19,17.78,,
1997-06-20,17.67,,
1997-06-23,17.98,,
1997-06-24,17.87,,
1997-06-25,18.22,,
1997-06-26,17.85,,
1997-06-27,18.18,,
1997-06-30,18.51,,
1997-07-01,18.8,,
1997-07-02,18.92,,
1997-07-03,18.21,,
1997-07-04,18.06,,
1997-07-07,18.19,,
1997-07-08,18.38,,
1997-07-09,18.22,,
1997-07-10,17.96,,
1997-07-11,18.09,,
1997-07-14,17.82,,
1997-07-15,18.39,,
1997-07-16,18.4,,
1997-07-17,18.69,,
1997-07-18,18.12,,
1997-07-21,18.09,,
1997-07-22,18.22,,
1997-07-23,18.39,,
1997-07-24,18.44,,
1997-07-25,18.53,,
1997-07-28,18.41,,
1997-07-29,18.59,,
1997-07-30,18.97,,
1997-07-31,18.94,,
1997-08-01,18.95,,
1997-08-04,19.46,,
1997-08-05,19.52,,
1997-08-06,19.2,,
1997-08-07,18.9,,
1997-08-08,18.48,,
1997-08-11,18.58,,
1997-08-12,18.85,,
1997-08-13,18.99,,
1997-08-14,19.19,,
1997-08-15,18.99,,
1997-08-18,18.93,,
1997-08-19,19.07,,
1997-08-20,18.96,,
1997-08-21,18.51,,
1997-08-22,18.54,,
1997-08-26,18.2,,
1997-08-27,18.56,,
1997-08-28,18.4,,
1997-08-29,18.51,,
1997-09-01,18.43,,
1997-09-02,18.44,,
1997-09-03,18.37,,
1997-09-04,18.26,,
1997-09-05,18.47,,
1997-09-08,18.33,,
1997-09-09,18.28,,
1997-09-10,18.3,,
1997-09-11,18.3,,
1997-09-12,18.26,,
1997-09-15,18.23,,
1997-09-16,18.58,,
1997-09-17,18.41,,
1997-09-18,18.41,,
1997-09-19,18.4,,
1997-09-22,18.63,,
1997-09-23,18.64,,
1997-09-24,18.8,,
1997-09-25,19.14,,
1997-09-26,19.56,,
1997-09-29,19.95,,
1997-09-30,19.9,,
1997-10-01,19.82,,
1997-10-02,20.48,,
1997-10-03,21.61,,
1997-10-06,20.64,,
1997-10-07,20.69,,
1997-10-08,20.82,,
1997-10-09,20.79,,
1997-10-10,20.73,,
1997-10-13,20.14,,
1997-10-14,19.58,,
1997-10-15,19.51,,
1997-10-16,19.79,,
1997-10-17,19.75,,
1997-10-20,19.77,,
1997-10-21,19.75,,
1997-10-22,20.34,,
1997-10-23,20.02,,
1997-10-24,19.89,,
1997-10-27,19.99,,
1997-10-28,19.43,,
1997-10-29,19.64,,
1997-10-30,20.1,,
1997-10-31,20.02,,
1997-11-03,19.95,,
1997-11-04,19.61,,
1997-11-05,19.38,,
1997-11-06,19.47,,
1997-11-07,19.79,,
1997-11-10,19.45,,
1997-11-11,19.6,,
1997-11-12,19.52,,
1997-11-13,19.78,,
1997-11-14,20.05,,
1997-11-17,19.38,,
1997-11-18,19.22,,
1997-11-19,19.18,,
1997-11-20,18.68,,
1997-11-21,18.88,,
1997-11-24,19.09,,
1997-11-25,19.09,,
1997-11-26,18.56,,
1997-11-27,18.76,,
1997-11-28,18.94,,
1997-12-01,18.16,,
1997-12-02,18.19,,
1997-12-03,18.17,,
1997-12-04,18.0,,
1997-12-05,18.13,,
1997-12-08,18.15,,
1997-12-09,17.92,,
1997-12-10,17.42,,
1997-12-11,17.41,,
1997-12-12,17.31,,
1997-12-15,17.26,,
1997-12-16,17.22,,
1997-12-17,17.4,,
1997-12-18,17.8,,
1997-12-19,17.53,,
1997-12-22,17.28,,
1997-12-23,17.33,,
1997-12-24,17.33,,
1997-12-29,16.6,,
1997-12-30,16.67,,
1997-12-31,16.52,,
1998-01-02,16.42,,
1998-01-05,15.79,,
1998-01-06,15.67,,
1998-01-07,15.61,,
1998-01-08,15.72,,
1998-01-09,15.5,,
1998-01-12,15.33,,
1998-01-13,15.38,,
1998-01-14,15.35,,
1998-01-15,15.44,,
1998-01-16,15.47,,
1998-01-19,15.83,,
1998-01-20,15.4,,
1998-01-21,15.26,,
1998-01-22,15.0,,
1998-01-23,14.74,,
1998-01-26,15.77,,
1998-01-27,15.79,,
1998-01-28,16.08,,
1998-01-29,16.59,,
1998-01-30,15.96,,
1998-02-02,15.68,,
1998-02-03,15.17,,
1998-02-04,15.05,,
1998-02-05,15.22,,
1998-02-06,15.3,,
1998-02-09,15.24,,
1998-02-10,15.03,,
1998-02-11,14.59,,
1998-02-12,14.55,,
1998-02-13,14.85,,
1998-02-16,14.48,,
1998-02-17,14.41,,
1998-02-18,14.94,,
1998-02-19,14.85,,
1998-02-20,14.67,,
1998-02-23,13.83,,
1998-02-24,13.83,,
1998-02-25,13.91,,
1998-02-26,14.03,,
1998-02-27,14.17,,
1998-03-02,14.05,,
1998-03-03,13.92,,
1998-03-04,13.92,,
1998-03-05,14.0,,
1998-03-06,13.59,,
1998-03-09,12.98,,
1998-03-10,13.0,,
1998-03-11,12.96,,
1998-03-12,12.97,,
1998-03-13,12.76,,
1998-03-16,12.31,,
1998-03-17,12.26,,
1998-03-18,13.11,,
1998-03-19,13.11,,
1998-03-20,13.22,,
1998-03-23,15.04,,
1998-03-24,14.53,,
1998-03-25,15.14,,
1998-03-26,15.44,,
1998-03-27,15.4,,
1998-03-30,14.77,,
1998-03-31,14.26,,
1998-04-01,13.93,,
1998-04-02,14.17,,
1998-04-03,14.41,,
1998-04-06,13.87,,
1998-04-07,13.68,,
1998-04-08,13.98,,
1998-04-09,14.0,,
1998-04-14,13.45,,
1998-04-15,13.48,,
1998-04-16,14.64,,
1998-04-17,14.36,,
1998-04-20,14.39,,
1998-04-21,14.51,,
1998-04-22,14.1,,
1998-04-23,13.98,,
1998-04-24,13.9,,
1998-04-27,14.21,,
1998-04-28,14.6,,
1998-04-29,14.25,,
1998-04-30,14.46,,
1998-05-01,15.13,,
1998-05-05,14.64,,
1998-05-06,14.49,,
1998-05-07,14.47,,
1998-05-08,14.69,,
1998-05-11,14.84,,
1998-05-12,15.11,,
1998-05-13,14.68,,
1998-05-14,14.68,,
1998-05-15,14.4,,
1998-05-18,14.46,,
1998-05-19,14.38,,
1998-05-20,13.72,,
1998-05-21,13.98,,
1998-05-22,14.06,,
1998-05-26,14.14,,
1998-05-27,14.23,,
1998-05-28,14.13,,
1998-05-29,14.37,,
1998-06-01,14.23,,
1998-06-02,14.14,,
1998-06-03,14.04,,
1998-06-04,14.48,,
1998-06-05,14.6,,
1998-06-08,14.22,,
1998-06-09,13.49,,
1998-06-10,13.33,,
1998-06-11,12.87,,
1998-06-12,12.41,,
1998-06-15,12.17,,
1998-06-16,12.72,,
1998-06-17,13.06,,
1998-06-18,12.78,,
1998-06-19,12.85,,
1998-06-22,13.24,,
1998-06-23,13.92,,
1998-06-24,13.61,,
1998-06-25,13.11,,
1998-06-26,13.21,,
1998-06-29,13.19,,
1998-06-30,13.38,,
1998-07-01,13.42,,
1998-07-02,13.57,,
1998-07-03,13.55,,
1998-07-06,12.95,,
1998-07-07,12.75,,
1998-07-08,13.12,,
1998-07-09,13.03,,
1998-07-10,12.86,,
1998-07-13,12.71,,
1998-07-14,13.02,,
1998-07-15,12.93,,
1998-07-16,12.78,,
1998-07-17,12.8,,
1998-07-20,12.36,,
1998-07-21,12.9,,
1998-07-22,12.87,,
1998-07-23,12.7,,
1998-07-24,12.83,,
1998-07-27,13.12,,
1998-07-28,13.19,,
1998-07-29,13.06,,
1998-07-30,13.08,,
1998-07-31,13.09,,
1998-08-03,12.56,,
1998-08-04,12.7,,
1998-08-05,12.57,,
1998-08-06,12.61,,
1998-08-07,12.59,,
1998-08-10,11.91,,
1998-08-11,11.64,,
1998-08-12,11.77,,
1998-08-13,12.09,,
1998-08-14,12.05,,
1998-08-17,12.28,,
1998-08-18,12.09,,
1998-08-19,12.29,,
1998-08-20,12.64,,
1998-08-21,12.27,,
1998-08-24,12.55,,
1998-08-25,12.68,,
1998-08-26,12.5,,
1998-08-27,12.28,,
1998-08-28,12.56,,
1998-09-01,12.59,,
1998-09-02,12.46,,
1998-09-03,13.44,,
1998-09-04,13.31,,
1998-09-07,13.06,,
1998-09-08,12.99,,
1998-09-09,12.76,,
1998-09-10,13.27,,
1998-09-11,12.93,,
1998-09-14,12.85,,
1998-09-15,13.02,,
1998-09-16,13.26,,
1998-09-17,13.54,,
1998-09-18,14.17,,
1998-09-21,14.38,,
1998-09-22,14.49,,
1998-09-23,14.52,,
1998-09-24,14.68,,
1998-09-25,14.43,,
1998-09-28,14.35,,
1998-09-29,14.61,,
1998-09-30,14.68,,
1998-10-01,14.11,,
1998-10-02,14.36,,
1998-10-05,14.07,,
1998-10-06,14.12,,
1998-10-07,13.78,,
1998-10-08,13.18,,
1998-10-09,13.27,,
1998-10-12,13.1,,
1998-10-13,13.03,,
1998-10-14,12.69,,
1998-10-15,12.58,,
1998-10-16,13.13,,
1998-10-19,12.39,,
1998-10-20,12.36,,
1998-10-21,12.85,,
1998-10-22,12.76,,
1998-10-23,12.76,,
1998-10-26,13.04,,
1998-10-27,12.96,,
1998-10-28,13.19,,
1998-10-29,13.08,,
1998-10-30,13.22,,
1998-11-02,13.06,,
1998-11-03,12.84,,
1998-11-04,12.82,,
1998-11-05,12.5,,
1998-11-06,12.35,,
1998-11-09,11.9,,
1998-11-10,12.04,,
1998-11-11,12.11,,
1998-11-12,12.41,,
1998-11-13,12.44,,
1998-11-16,11.73,,
1998-11-17,11.43,,
1998-11-18,11.55,,
1998-11-19,11.49,,
1998-11-20,11.68,,
1998-11-23,11.3,,
1998-11-24,11.19,,
1998-11-25,10.9,,
1998-11-26,11.0,,
1998-11-27,11.14,,
1998-11-30,10.46,,
1998-12-01,10.22,,
1998-12-02,10.36,,
1998-12-03,10.18,,
1998-12-04,10.19,,
1998-12-07,10.26,,
1998-12-08,10.11,,
1998-12-09,9.98,,
1998-12-10,9.64,,
1998-12-11,9.82,,
1998-12-14,10.13,,
1998-12-15,10.23,,
1998-12-16,11.0,,
1998-12-17,10.09,,
1998-12-18,9.98,,
1998-12-21,9.75,,
1998-12-22,10.01,,
1998-12-23,10.17,,
1998-12-24,10.11,,
1998-12-29,10.61,,
1998-12-30,10.53,,
1998-12-31,10.53,,
1999-01-04,10.96,,
1999-01-05,10.53,,
1999-01-06,11.46,,
1999-01-07,11.53,,
1999-01-08,11.73,,
1999-01-11,12.04,,
1999-01-12,11.5,,
1999-01-13,11.06,,
1999-01-14,11.18,,
1999-01-15,10.79,,
1999-01-18,10.71,,
1999-01-19,10.81,,
1999-01-20,10.51,,
1999-01-21,10.98,,
1999-01-22,11.1,,
1999-01-25,10.85,,
1999-01-26,10.64,,
1999-01-27,10.88,,
1999-01-28,11.0,,
1999-01-29,11.35,,
1999-02-01,10.88,,
1999-02-02,10.85,,
1999-02-03,10.89,,
1999-02-04,10.57,,
1999-02-05,10.41,,
1999-02-08,10.16,,
1999-02-09,10.09,,
1999-02-10,10.17,,
1999-02-11,10.1,,
1999-02-12,10.43,,
1999-02-15,10.37,,
1999-02-16,10.05,,
1999-02-17,10.13,,
1999-02-18,10.61,,
1999-02-19,10.4,,
1999-02-22,10.58,,
1999-02-23,10.94,,
1999-02-24,11.08,,
1999-02-25,11.1,,
1999-02-26,10.88,,
1999-03-01,10.73,,
1999-03-02,11.0,,
1999-03-03,11.25,,
1999-03-04,11.53,,
1999-03-05,11.56,,
1999-03-08,11.76,,
1999-03-09,11.56,,
1999-03-10,12.46,,
1999-03-11,12.18,,
1999-03-12,12.56,,
1999-03-15,12.56,,
1999-03-16,12.67,,
1999-03-17,13.27,,
1999-03-18,13.37,,
1999-03-19,13.45,,
1999-03-22,13.88,,
1999-03-23,13.73,,
1999-03-24,13.68,,
1999-03-25,13.94,,
1999-03-26,14.41,,
1999-03-29,14.58,,
1999-03-30,14.81,,
1999-03-31,15.24,,
1999-04-01,14.72,,
1999-04-06,14.93,,
1999-04-07,14.35,,
1999-04-08,14.21,,
1999-04-09,14.86,,
1999-04-12,14.81,,
1999-04-13,15.2,,
1999-04-14,14.92,,
1999-04-15,15.2,,
1999-04-16,15.69,,
1999-04-19,15.92,,
1999-04-20,15.7,,
1999-04-21,15.89,,
1999-04-22,16.13,,
1999-04-23,15.89,,
1999-04-26,15.7,,
1999-04-27,15.8,,
1999-04-28,16.4,,
1999-04-29,16.45,,
1999-04-30,16.57,,
1999-05-04,16.93,,
1999-05-05,17.05,,
1999-05-06,16.56,,
1999-05-07,16.41,,
1999-05-10,16.45,,
1999-05-11,15.96,,
1999-05-12,15.6,,
1999-05-13,16.1,,
1999-05-14,16.21,,
1999-05-17,15.81,,
1999-05-18,15.14,,
1999-05-19,15.02,,
1999-05-20,15.23,,
1999-05-21,15.58,,
1999-05-24,15.28,,
1999-05-25,15.43,,
1999-05-26,15.47,,
1999-05-27,15.36,,
1999-05-28,15.2,,
1999-06-01,14.55,,
1999-06-02,14.88,,
1999-06-03,14.95,,
1999-06-04,15.58,,
1999-06-07,16.1,,
1999-06-08,15.84,,
1999-06-09,16.18,,
1999-06-10,16.07,,
1999-06-11,16.73,,
1999-06-14,16.41,,
1999-06-15,16.46,,
1999-06-16,16.47,,
1999-06-17,16.76,,
1999-06-18,16.5,,
1999-06-21,16.37,,
1999-06-22,16.1,,
1999-06-23,16.63,,
1999-06-24,16.55,,
1999-06-25,16.62,,
1999-06-28,16.53,,
1999-06-29,16.79,,
1999-06-30,17.51,,
1999-07-01,17.62,,
1999-07-02,17.66,,
1999-07-05,18.18,,
1999-07-06,18.1,,
1999-07-07,18.15,,
1999-07-08,18.24,,
1999-07-09,18.51,,
1999-07-12,18.59,,
1999-07-13,19.03,,
1999-07-14,18.94,,
1999-07-15,19.03,,
1999-07-16,19.35,,
1999-07-19,19.2,,
1999-07-20,18.55,,
1999-07-21,18.58,,
1999-07-22,18.85,,
1999-07-23,19.53,,
1999-07-26,19.36,,
1999-07-27,19.13,,
1999-07-28,19.34,,
1999-07-29,19.8,,
1999-07-30,19.37,,
1999-08-02,19.41,,
1999-08-03,19.4,,
1999-08-04,19.63,,
1999-08-05,19.8,,
1999-08-06,20.06,,
1999-08-09,20.5,,
1999-08-10,20.49,,
1999-08-11,20.63,,
1999-08-12,20.49,,
1999-08-13,20.69,,
1999-08-16,20.84,,
1999-08-17,20.74,,
1999-08-18,20.57,,
1999-08-19,20.9,,
1999-08-20,20.99,,
1999-08-23,20.98,,
1999-08-24,20.63,,
1999-08-25,19.78,,
1999-08-26,20.57,,
1999-08-27,20.76,,
1999-08-31,21.33,,
1999-09-01,21.11,,
1999-09-02,20.8,,
1999-09-03,21.03,,
1999-09-06,21.36,,
1999-09-07,21.98,,
1999-09-08,22.27,,
1999-09-09,23.04,,
1999-09-10,23.44,,
1999-09-13,23.48,,
1999-09-14,23.71,,
1999-09-15,23.59,,
1999-09-16,22.72,,
1999-09-17,22.8,,
1999-09-20,22.66,,
1999-09-21,22.68,,
1999-09-22,22.93,,
1999-09-23,23.82,,
1999-09-24,23.9,,
1999-09-27,24.07,,
1999-09-28,23.76,,
1999-09-29,23.81,,
1999-09-30,23.58,,
1999-10-01,23.67,,
1999-10-04,22.98,,
1999-10-05,22.93,,
1999-10-06,22.76,,
1999-10-07,22.08,,
1999-10-08,20.7,,
1999-10-11,21.23,,
1999-10-12,22.05,,
1999-10-13,22.22,,
1999-10-14,22.08,,
1999-10-15,22.5,,
1999-10-18,22.02,,
1999-10-19,21.76,,
1999-10-20,21.87,,
1999-10-21,22.11,,
1999-10-22,22.93,,
1999-10-25,22.82,,
1999-10-26,22.7,,
1999-10-27,22.59,,
1999-10-28,21.42,,
1999-10-29,21.69,,
1999-11-01,22.35,,
1999-11-02,22.08,,
1999-11-03,22.57,,
1999-11-04,22.85,,
1999-11-05,22.83,,
1999-11-08,23.28,,
1999-11-09,24.13,,
1999-11-10,24.49,,
1999-11-11,24.28,,
1999-11-12,24.59,,
1999-11-15,25.0,,
1999-11-16,24.54,,
1999-11-17,24.92,,
1999-11-18,24.36,,
1999-11-19,25.07,,
1999-11-22,25.78,,
1999-11-23,25.15,,
1999-11-24,25.61,,
1999-11-25,25.52,,
1999-11-26,25.36,,
1999-11-29,24.85,,
1999-11-30,23.64,,
1999-12-01,24.03,,
1999-12-02,24.96,,
1999-12-03,24.95,,
1999-12-06,25.79,,
1999-12-07,25.4,,
1999-12-08,25.69,,
1999-12-09,25.05,,
1999-12-10,24.46,,
1999-12-13,24.58,,
1999-12-14,25.02,,
1999-12-15,25.43,,
1999-12-16,26.09,,
1999-12-17,25.52,,
1999-12-20,25.3,,
1999-12-21,25.29,,
1999-12-22,24.65,,
1999-12-23,25.19,,
1999-12-24,25.21,,
1999-12-29,25.45,,
1999-12-30,25.08,,
2000-01-04,24.39,,
2000-01-05,23.73,,
2000-01-06,23.62,,
2000-01-07,23.09,,
2000-01-10,23.73,,
2000-01-11,24.62,,
2000-01-12,24.81,,
2000-01-13,24.98,,
2000-01-14,25.47,,
2000-01-17,25.65,,
2000-01-18,26.05,,
2000-01-19,25.84,,
2000-01-20,26.1,,
2000-01-21,26.35,,
2000-01-24,26.06,,
2000-01-25,26.54,,
2000-01-26,26.13,,
2000-01-27,25.62,,
2000-01-28,25.68,,
2000-01-31,25.97,,
2000-02-01,26.39,,
2000-02-02,25.93,,
2000-02-03,26.66,,
2000-02-04,27.07,,
2000-02-07,26.88,,
2000-02-08,26.37,,
2000-02-09,26.92,,
2000-02-10,27.48,,
2000-02-11,27.82,,
2000-02-14,28.76,,
2000-02-15,27.13,,
2000-02-16,27.37,,
2000-02-17,26.67,,
2000-02-18,26.22,,
2000-02-21,25.93,,
2000-02-22,26.58,,
2000-02-23,27.06,,
2000-02-24,27.37,,
2000-02-25,27.48,,
2000-02-28,27.41,,
2000-02-29,28.09,,
2000-03-01,29.06,,
2000-03-02,29.22,,
2000-03-03,28.99,,
2000-03-06,29.63,,
2000-03-07,31.9,,
2000-03-08,28.8,,
2000-03-09,29.29,,
2000-03-10,28.94,,
2000-03-13,28.89,,
2000-03-14,28.34,,
2000-03-15,27.53,,
2000-03-16,27.41,,
2000-03-17,26.56,,
2000-03-20,25.21,,
2000-03-21,25.72,,
2000-03-22,25.4,,
2000-03-23,25.48,,
2000-03-24,25.91,,
2000-03-27,25.68,,
2000-03-28,25.51,,
2000-03-29,24.4,,
2000-03-30,24.63,,
2000-03-31,24.77,,
2000-04-03,24.51,,
2000-04-04,23.65,,
2000-04-05,23.75,,
2000-04-06,23.45,,
2000-04-07,22.58,,
2000-04-10,21.3,,
2000-04-11,21.67,,
2000-04-12,23.12,,
2000-04-13,22.66,,
2000-04-14,22.41,,
2000-04-17,22.74,,
2000-04-18,23.05,,
2000-04-19,23.77,,
2000-04-20,23.83,,
2000-04-25,23.33,,
2000-04-26,22.98,,
2000-04-27,23.76,,
2000-04-28,23.89,,
2000-05-02,25.08,,
2000-05-03,25.0,,
2000-05-04,25.15,,
2000-05-05,25.29,,
2000-05-08,26.08,,
2000-05-09,26.82,,
2000-05-10,26.42,,
2000-05-11,27.45,,
2000-05-12,28.05,,
2000-05-15,28.33,,
2000-05-16,28.78,,
2000-05-17,27.89,,
2000-05-18,28.92,,
2000-05-19,28.59,,
2000-05-22,27.43,,
2000-05-23,27.5,,
2000-05-24,28.61,,
2000-05-25,29.19,,
2000-05-26,29.22,,
2000-05-30,28.96,,
2000-05-31,28.31,,
2000-06-01,29.19,,
2000-06-02,29.05,,
2000-06-05,28.37,,
2000-06-06,28.59,,
2000-06-07,29.22,,
2000-06-08,29.07,,
2000-06-09,29.58,,
2000-06-12,31.21,,
2000-06-13,31.49,,
2000-06-14,31.02,,
2000-06-15,31.26,,
2000-06-16,28.35,,
2000-06-19,27.98,,
2000-06-20,29.02,,
2000-06-21,29.33,,
2000-06-22,30.15,,
2000-06-23,30.39,,
2000-06-26,29.75,,
2000-06-27,30.24,,
2000-06-28,30.11,,
2000-06-29,30.8,,
2000-06-30,30.57,,
2000-07-03,31.1,,
2000-07-04,29.58,,
2000-07-05,29.38,,
2000-07-06,29.67,,
2000-07-07,29.7,,
2000-07-10,28.85,,
2000-07-11,29.22,,
2000-07-12,29.67,,
2000-07-13,30.26,,
2000-07-14,29.88,,
2000-07-17,28.56,,
2000-07-18,29.32,,
2000-07-19,28.88,,
2000-07-20,28.27,,
2000-07-21,27.52,,
2000-07-24,26.92,,
2000-07-25,26.94,,
2000-07-26,26.83,,
2000-07-27,27.15,,
2000-07-28,27.36,,
2000-07-31,26.93,,
2000-08-01,27.14,,
2000-08-02,27.59,,
2000-08-03,28.31,,
2000-08-04,29.37,,
2000-08-07,28.52,,
2000-08-08,28.9,,
2000-08-09,29.87,,
2000-08-10,30.88,,
2000-08-11,30.57,,
2000-08-14,31.48,,
2000-08-15,32.18,,
2000-08-16,32.53,,
2000-08-17,30.16,,
2000-08-18,30.44,,
2000-08-21,30.6,,
2000-08-22,29.93,,
2000-08-23,30.69,,
2000-08-24,30.35,,
2000-08-25,30.39,,
2000-08-29,31.36,,
2000-08-30,31.98,,
2000-08-31,31.72,,
2000-09-01,31.85,,
2000-09-04,32.84,,
2000-09-05,32.98,,
2000-09-06,34.28,,
2000-09-07,34.55,,
2000-09-08,32.78,,
2000-09-11,33.62,,
2000-09-12,32.48,,
2000-09-13,31.53,,
2000-09-14,31.94,,
2000-09-15,33.98,,
2000-09-18,34.46,,
2000-09-19,33.63,,
2000-09-20,33.74,,
2000-09-21,32.73,,
2000-09-22,31.25,,
2000-09-25,30.24,,
2000-09-26,30.42,,
2000-09-27,30.54,,
2000-09-28,29.26,,
2000-09-29,29.84,,
2000-10-02,31.08,,
2000-10-03,31.05,,
2000-10-04,30.52,,
2000-10-05,29.89,,
2000-10-06,30.1,,
2000-10-09,30.76,,
2000-10-10,31.85,,
2000-10-11,31.79,,
2000-10-12,34.59,,
2000-10-13,32.52,,
2000-10-16,31.9,,
2000-10-17,31.13,,
2000-10-18,31.1,,
2000-10-19,30.74,,
2000-10-20,31.62,,
2000-10-23,32.09,,
2000-10-24,31.59,,
2000-10-25,31.36,,
2000-10-26,31.96,,
2000-10-27,30.95,,
2000-10-30,31.14,,
2000-10-31,30.76,,
2000-11-01,31.31,,
2000-11-02,30.78,,
2000-11-03,30.85,,
2000-11-06,31.29,,
2000-11-07,31.68,,
2000-11-08,31.32,,
2000-11-09,32.16,,
2000-11-10,32.02,,
2000-11-13,32.94,,
2000-11-14,32.69,,
2000-11-15,33.9,,
2000-11-16,32.77,,
2000-11-17,33.08,,
2000-11-20,33.07,,
2000-11-21,33.1,,
2000-11-22,33.24,,
2000-11-23,33.28,,
2000-11-24,33.12,,
2000-11-27,33.06,,
2000-11-28,32.19,,
2000-11-29,32.68,,
2000-11-30,31.88,,
2000-12-01,30.17,,
2000-12-04,29.34,,
2000-12-05,27.79,,
2000-12-06,28.01,,
2000-12-07,27.47,,
2000-12-08,26.56,,
2000-12-11,27.54,,
2000-12-12,27.06,,
2000-12-13,25.14,,
2000-12-14,25.36,,
2000-12-15,25.89,,
2000-12-18,26.24,,
2000-12-19,25.0,,
2000-12-20,22.97,,
2000-12-21,23.61,,
2000-12-22,23.66,,
2000-12-27,24.04,,
2000-12-28,23.71,,
2000-12-29,23.87,,
2001-01-02,24.3,,
2001-01-03,25.03,,
2001-01-04,25.35,,
2001-01-05,25.18,,
2001-01-08,24.43,,
2001-01-09,24.59,,
2001-01-10,25.34,,
2001-01-11,25.61,,
2001-01-12,25.75,,
2001-01-15,26.18,,
2001-01-16,26.2,,
2001-01-17,24.79,,
2001-01-18,25.62,,
2001-01-19,27.04,,
2001-01-22,26.53,,
2001-01-23,26.67,,
2001-01-24,26.26,,
2001-01-25,26.46,,
2001-01-26,26.98,,
2001-01-29,26.6,,
2001-01-30,26.89,,
2001-01-31,26.66,,
2001-02-01,28.1,,
2001-02-02,29.19,,
2001-02-05,28.45,,
2001-02-06,28.7,,
2001-02-07,29.91,,
2001-02-08,29.84,,
2001-02-09,29.25,,
2001-02-12,29.0,,
2001-02-13,28.46,,
2001-02-14,27.28,,
2001-02-15,26.64,,
2001-02-16,26.89,,
2001-02-19,27.31,,
2001-02-20,26.62,,
2001-02-21,26.37,,
2001-02-22,26.46,,
2001-02-23,26.52,,
2001-02-26,26.11,,
2001-02-27,26.02,,
2001-02-28,25.57,,
2001-03-01,25.85,,
2001-03-02,26.0,,
2001-03-05,26.71,,
2001-03-06,26.48,,
2001-03-07,27.23,,
2001-03-08,26.68,,
2001-03-09,26.33,,
2001-03-12,25.9,,
2001-03-13,25.28,,
2001-03-14,23.93,,
2001-03-15,24.19,,
2001-03-16,25.05,,
2001-03-19,24.81,,
2001-03-20,24.62,,
2001-03-21,25.0,,
2001-03-22,24.63,,
2001-03-23,25.38,,
2001-03-26,25.4,,
2001-03-27,25.89,,
2001-03-28,25.27,,
2001-03-29,24.5,,
2001-03-30,24.74,,
2001-04-02,24.11,,
2001-04-03,24.77,,
2001-04-04,25.32,,
2001-04-05,25.32,,
2001-04-06,25.17,,
2001-04-09,25.28,,
2001-04-10,26.54,,
2001-04-11,26.53,,
2001-04-12,27.37,,
2001-04-17,27.63,,
2001-04-18,27.29,,
2001-04-19,26.83,,
2001-04-20,26.39,,
2001-04-23,26.55,,
2001-04-24,26.32,,
2001-04-25,26.82,,
2001-04-26,27.6,,
2001-04-27,27.79,,
2001-04-30,27.89,,
2001-05-01,28.33,,
2001-05-02,27.59,,
2001-05-03,28.07,,
2001-05-04,28.19,,
2001-05-08,27.9,,
2001-05-09,28.15,,
2001-05-10,28.48,,
2001-05-11,28.19,,
2001-05-14,28.28,,
2001-05-15,28.16,,
2001-05-16,28.36,,
2001-05-17,28.46,,
2001-05-18,29.39,,
2001-05-21,29.42,,
2001-05-22,29.36,,
2001-05-23,29.24,,
2001-05-24,28.53,,
2001-05-25,28.48,,
2001-05-29,29.17,,
2001-05-30,29.14,,
2001-05-31,29.34,,
2001-06-01,29.07,,
2001-06-04,29.26,,
2001-06-05,29.68,,
2001-06-06,28.96,,
2001-06-07,28.5,,
2001-06-08,29.44,,
2001-06-11,29.57,,
2001-06-12,29.46,,
2001-06-13,29.34,,
2001-06-14,29.59,,
2001-06-15,28.12,,
2001-06-18,27.01,,
2001-06-19,26.98,,
2001-06-20,26.09,,
2001-06-21,26.3,,
2001-06-22,26.59,,
2001-06-25,27.07,,
2001-06-26,26.99,,
2001-06-27,25.66,,
2001-06-28,25.4,,
2001-06-29,26.08,,
2001-07-02,25.64,,
2001-07-03,25.36,,
2001-07-04,25.8,,
2001-07-05,25.84,,
2001-07-06,26.81,,
2001-07-09,26.15,,
2001-07-10,25.93,,
2001-07-11,25.52,,
2001-07-12,25.14,,
2001-07-13,24.97,,
2001-07-16,24.78,,
2001-07-17,24.89,,
2001-07-18,24.22,,
2001-07-19,24.05,,
2001-07-20,24.64,,
2001-07-23,24.92,,
2001-07-24,24.9,,
2001-07-25,25.25,,
2001-07-26,25.14,,
2001-07-27,25.19,,
2001-07-30,24.96,,
2001-07-31,24.69,,
2001-08-01,24.96,,
2001-08-02,26.13,,
2001-08-03,25.69,,
2001-08-06,25.83,,
2001-08-07,26.08,,
2001-08-08,25.7,,
2001-08-09,25.68,,
2001-08-10,25.98,,
2001-08-13,25.88,,
2001-08-14,25.99,,
2001-08-15,25.55,,
2001-08-16,25.55,,
2001-08-17,24.73,,
2001-08-20,25.05,,
2001-08-21,25.49,,
2001-08-22,25.34,,
2001-08-23,25.6,,
2001-08-24,25.95,,
2001-08-28,26.47,,
2001-08-29,26.53,,
2001-08-30,26.09,,
2001-08-31,26.41,,
2001-09-03,26.54,,
2001-09-04,26.26,,
2001-09-05,26.32,,
2001-09-06,26.96,,
2001-09-07,27.69,,
2001-09-10,27.45,,
2001-09-11,29.06,,
2001-09-12,28.02,,
2001-09-13,28.1,,
2001-09-14,29.43,,
2001-09-17,28.38,,
2001-09-18,27.27,,
2001-09-19,26.32,,
2001-09-20,25.92,,
2001-09-21,25.44,,
2001-09-24,22.02,,
2001-09-25,22.38,,
2001-09-26,23.0,,
2001-09-27,22.79,,
2001-09-28,23.26,,
2001-10-01,22.89,,
2001-10-02,22.05,,
2001-10-03,21.52,,
2001-10-04,22.15,,
2001-10-05,21.63,,
2001-10-08,21.57,,
2001-10-09,21.88,,
2001-10-10,22.01,,
2001-10-11,22.46,,
2001-10-12,21.73,,
2001-10-15,21.68,,
2001-10-16,21.7,,
2001-10-17,20.99,,
2001-10-18,20.62,,
2001-10-19,21.35,,
2001-10-22,21.05,,
2001-10-23,20.94,,
2001-10-24,21.26,,
2001-10-25,21.01,,
2001-10-26,21.02,,
2001-10-29,21.1,,
2001-10-30,20.91,,
2001-10-31,20.37,,
2001-11-01,19.62,,
2001-11-02,19.77,,
2001-11-05,19.44,,
2001-11-06,19.07,,
2001-11-07,19.33,,
2001-11-08,20.28,,
2001-11-09,21.38,,
2001-11-12,20.39,,
2001-11-13,20.81,,
2001-11-14,18.75,,
2001-11-15,17.68,,
2001-11-16,17.75,,
2001-11-19,18.01,,
2001-11-20,18.75,,
2001-11-21,18.73,,
2001-11-22,19.9,,
2001-11-23,19.28,,
2001-11-26,18.36,,
2001-11-27,19.02,,
2001-11-28,18.69,,
2001-11-29,18.41,,
2001-11-30,19.14,,
2001-12-03,19.71,,
2001-12-04,19.29,,
2001-12-05,19.22,,
2001-12-06,18.39,,
2001-12-07,19.03,,
2001-12-10,18.17,,
2001-12-11,17.91,,
2001-12-12,18.2,,
2001-12-13,17.8,,
2001-12-14,18.38,,
2001-12-17,19.06,,
2001-12-18,19.18,,
2001-12-19,19.47,,
2001-12-20,19.13,,
2001-12-21,19.36,,
2001-12-24,19.34,,
2001-12-27,20.34,,
2001-12-28,20.3,,
2001-12-31,19.9,,
2002-01-02,21.0,,
2002-01-03,20.66,,
2002-01-04,22.18,,
2002-01-07,22.03,,
2002-01-08,22.02,,
2002-01-09,20.89,,
2002-01-10,21.29,,
2002-01-11,20.86,,
2002-01-14,19.78,,
2002-01-15,19.7,,
2002-01-16,19.36,,
2002-01-17,18.41,,
2002-01-18,18.45,,
2002-01-21,18.57,,
2002-01-22,18.75,,
2002-01-23,19.19,,
2002-01-24,19.13,,
2002-01-25,19.37,,
2002-01-28,19.65,,
2002-01-29,19.24,,
2002-01-30,18.79,,
2002-01-31,19.18,,
2002-02-01,19.98,,
2002-02-04,19.81,,
2002-02-05,19.56,,
2002-02-06,19.31,,
2002-02-07,19.21,,
2002-02-08,19.72,,
2002-02-11,21.44,,
2002-02-12,20.46,,
2002-02-13,20.7,,
2002-02-14,20.82,,
2002-02-15,20.87,,
2002-02-18,20.33,,
2002-02-19,20.52,,
2002-02-20,19.86,,
2002-02-21,20.37,,
2002-02-22,20.37,,
2002-02-25,19.98,,
2002-02-26,20.86,,
2002-02-27,20.85,,
2002-02-28,21.33,,
2002-03-01,21.89,,
2002-03-04,21.94,,
2002-03-05,22.79,,
2002-03-06,22.72,,
2002-03-07,23.3,,
2002-03-08,23.33,,
2002-03-11,23.89,,
2002-03-12,23.7,,
2002-03-13,23.89,,
2002-03-14,24.06,,
2002-03-15,24.55,,
2002-03-18,25.07,,
2002-03-19,24.91,,
2002-03-20,24.66,,
2002-03-21,25.42,,
2002-03-22,25.36,,
2002-03-25,25.13,,
2002-03-26,25.31,,
2002-03-27,25.44,,
2002-03-28,25.92,,
2002-04-02,27.66,,
2002-04-03,27.27,,
2002-04-04,27.31,,
2002-04-05,25.99,,
2002-04-08,27.02,,
2002-04-09,26.08,,
2002-04-10,26.01,,
2002-04-11,25.04,,
2002-04-12,24.29,,
2002-04-15,24.7,,
2002-04-16,24.58,,
2002-04-17,25.38,,
2002-04-18,25.77,,
2002-04-19,25.85,,
2002-04-22,25.89,,
2002-04-23,26.0,,
2002-04-24,25.76,,
2002-04-25,25.93,,
2002-04-26,26.19,,
2002-04-29,26.68,,
2002-04-30,26.47,,
2002-05-01,25.87,,
2002-05-02,25.43,,
2002-05-03,25.75,,
2002-05-07,25.41,,
2002-05-08,26.03,,
2002-05-09,25.94,,
2002-05-10,26.38,,
2002-05-13,26.58,,
2002-05-14,27.31,,
2002-05-15,26.17,,
2002-05-16,26.22,,
2002-05-17,26.36,,
2002-05-20,26.38,,
2002-05-21,25.6,,
2002-05-22,25.5,,
2002-05-23,25.39,,
2002-05-24,25.18,,
2002-05-27,24.94,,
2002-05-28,24.76,,
2002-05-29,25.12,,
2002-05-30,24.05,,
2002-05-31,24.45,,
2002-06-05,24.18,,
2002-06-06,24.22,,
2002-06-07,23.99,,
2002-06-10,23.66,,
2002-06-11,23.3,,
2002-06-12,23.51,,
2002-06-13,24.06,,
2002-06-14,24.99,,
2002-06-17,25.24,,
2002-06-18,24.79,,
2002-06-19,24.55,,
2002-06-20,25.07,,
2002-06-21,24.75,,
2002-06-24,25.27,,
2002-06-25,25.2,,
2002-06-26,25.24,,
2002-06-27,25.45,,
2002-06-28,25.58,,
2002-07-01,25.64,,
2002-07-02,25.75,,
2002-07-03,25.84,,
2002-07-04,25.55,,
2002-07-05,25.73,,
2002-07-08,25.08,,
2002-07-09,25.17,,
2002-07-10,25.93,,
2002-07-11,25.96,,
2002-07-12,26.32,,
2002-07-15,26.06,,
2002-07-16,26.28,,
2002-07-17,26.44,,
2002-07-18,26.28,,
2002-07-19,26.43,,
2002-07-22,25.42,,
2002-07-23,25.04,,
2002-07-24,25.33,,
2002-07-25,25.26,,
2002-07-26,25.03,,
2002-07-29,25.0,,
2002-07-30,25.68,,
2002-07-31,25.44,,
2002-08-01,25.01,,
2002-08-02,25.31,,
2002-08-05,24.89,,
2002-08-06,25.53,,
2002-08-07,24.95,,
2002-08-08,25.11,,
2002-08-09,25.34,,
2002-08-12,26.04,,
2002-08-13,26.15,,
2002-08-14,26.38,,
2002-08-15,26.8,,
2002-08-16,27.0,,
2002-08-19,27.26,,
2002-08-20,27.1,,
2002-08-21,27.41,,
2002-08-22,27.02,,
2002-08-23,26.99,,
2002-08-27,27.22,,
2002-08-28,26.95,,
2002-08-29,27.52,,
2002-08-30,27.47,,
2002-09-02,27.54,,
2002-09-03,26.57,,
2002-09-04,27.1,,
2002-09-05,27.66,,
2002-09-06,28.29,,
2002-09-09,28.49,,
2002-09-10,28.58,,
2002-09-11,28.39,,
2002-09-12,27.73,,
2002-09-13,28.31,,
2002-09-16,28.52,,
2002-09-17,27.97,,
2002-09-18,28.32,,
2002-09-19,28.38,,
2002-09-20,28.43,,
2002-09-23,29.13,,
2002-09-24,29.11,,
2002-09-25,29.06,,
2002-09-26,28.89,,
2002-09-27,28.88,,
2002-09-30,28.75,,
2002-10-01,29.01,,
2002-10-02,28.82,,
2002-10-03,28.26,,
2002-10-04,28.12,,
2002-10-07,28.23,,
2002-10-08,28.09,,
2002-10-09,28.13,,
2002-10-10,27.74,,
2002-10-11,27.99,,
2002-10-14,28.5,,
2002-10-15,28.5,,
2002-10-16,28.58,,
2002-10-17,27.97,,
2002-10-18,27.84,,
2002-10-21,26.59,,
2002-10-22,26.43,,
2002-10-23,26.51,,
2002-10-24,26.46,,
2002-10-25,25.46,,
2002-10-28,25.68,,
2002-10-29,25.31,,
2002-10-30,25.3,,
2002-10-31,25.72,,
2002-11-01,25.41,,
2002-11-04,25.02,,
2002-11-05,24.12,,
2002-11-06,23.7,,
2002-11-07,23.48,,
2002-11-08,23.58,,
2002-11-11,23.79,,
2002-11-12,23.72,,
2002-11-13,22.7,,
2002-11-14,22.81,,
2002-11-15,23.35,,
2002-11-18,24.28,,
2002-11-19,24.08,,
2002-11-20,24.53,,
2002-11-21,24.83,,
2002-11-22,25.21,,
2002-11-25,24.67,,
2002-11-26,24.85,,
2002-11-27,25.25,,
2002-11-28,25.01,,
2002-11-29,25.16,,
2002-12-02,25.62,,
2002-12-03,25.85,,
2002-12-04,25.18,,
2002-12-05,25.8,,
2002-12-06,25.46,,
2002-12-09,25.76,,
2002-12-10,26.42,,
2002-12-11,26.25,,
2002-12-12,26.87,,
2002-12-13,27.21,,
2002-12-16,28.38,,
2002-12-17,27.92,,
2002-12-18,28.49,,
2002-12-19,28.22,,
2002-12-20,28.34,,
2002-12-23,29.72,,
2002-12-24,29.61,,
2002-12-27,30.16,,
2002-12-30,29.66,,
2002-12-31,28.66,,
2003-01-02,29.43,,
2003-01-03,30.77,,
2003-01-06,30.2,,
2003-01-07,29.33,,
2003-01-08,28.79,,
2003-01-09,29.64,,
2003-01-10,29.67,,
2003-01-13,30.2,,
2003-01-14,30.61,,
2003-01-15,31.22,,
2003-01-16,31.66,,
2003-01-17,30.54,,
2003-01-20,30.65,,
2003-01-21,30.74,,
2003-01-22,30.34,,
2003-01-23,29.72,,
2003-01-24,30.49,,
2003-01-27,29.86,,
2003-01-28,30.27,,
2003-01-29,31.02,,
2003-01-30,31.21,,
2003-01-31,31.1,,
2003-02-03,30.25,,
2003-02-04,31.09,,
2003-02-05,31.36,,
2003-02-06,31.44,,
2003-02-07,32.34,,
2003-02-10,31.7,,
2003-02-11,32.37,,
2003-02-12,32.45,,
2003-02-13,33.06,,
2003-02-14,32.5,,
2003-02-17,31.92,,
2003-02-18,32.54,,
2003-02-19,32.33,,
2003-02-20,31.56,,
2003-02-21,32.27,,
2003-02-24,33.15,,
2003-02-25,32.32,,
2003-02-26,33.07,,
2003-02-27,33.04,,
2003-02-28,32.79,,
2003-03-03,32.48,,
2003-03-04,33.09,,
2003-03-05,33.0,,
2003-03-06,33.53,,
2003-03-07,34.1,,
2003-03-10,33.69,,
2003-03-11,33.29,,
2003-03-12,33.91,,
2003-03-13,32.43,,
2003-03-14,31.38,,
2003-03-17,29.48,,
2003-03-18,27.25,,
2003-03-19,26.75,,
2003-03-20,25.5,,
2003-03-21,24.35,,
2003-03-24,26.09,,
2003-03-25,24.81,,
2003-03-26,25.29,,
2003-03-27,26.82,,
2003-03-28,26.35,,
2003-03-31,27.18,,
2003-04-01,26.36,,
2003-04-02,25.21,,
2003-04-03,25.5,,
2003-04-04,24.68,,
2003-04-07,24.58,,
2003-04-08,24.6,,
2003-04-09,25.25,,
2003-04-10,24.47,,
2003-04-11,24.75,,
2003-04-14,24.99,,
2003-04-15,25.2,,
2003-04-16,25.02,,
2003-04-17,25.88,,
2003-04-22,25.46,,
2003-04-23,24.26,,
2003-04-24,24.33,,
2003-04-25,24.09,,
2003-04-28,23.5,,
2003-04-29,23.26,,
2003-04-30,23.68,,
2003-05-01,23.82,,
2003-05-02,23.52,,
2003-05-06,23.57,,
2003-05-07,24.11,,
2003-05-08,24.65,,
2003-05-09,25.1,,
2003-05-12,24.89,,
2003-05-13,25.9,,
2003-05-14,26.75,,
2003-05-15,26.73,,
2003-05-16,26.1,,
2003-05-19,25.61,,
2003-05-20,25.65,,
2003-05-21,26.21,,
2003-05-22,25.97,,
2003-05-23,26.24,,
2003-05-27,26.34,,
2003-05-28,25.59,,
2003-05-29,26.03,,
2003-05-30,26.32,,
2003-06-02,27.38,,
2003-06-03,27.28,,
2003-06-04,26.81,,
2003-06-05,27.44,,
2003-06-06,27.78,,
2003-06-09,27.85,,
2003-06-10,28.08,,
2003-06-11,28.39,,
2003-06-12,27.83,,
2003-06-13,27.46,,
2003-06-16,26.65,,
2003-06-17,26.67,,
2003-06-18,26.26,,
2003-06-19,26.29,,
2003-06-20,27.02,,
2003-06-23,26.93,,
2003-06-24,26.62,,
2003-06-25,27.65,,
2003-06-26,27.04,,
2003-06-27,27.3,,
2003-06-30,28.33,,
2003-07-01,28.31,,
2003-07-02,27.97,,
2003-07-03,28.2,,
2003-07-04,27.63,,
2003-07-07,27.82,,
2003-07-08,27.97,,
2003-07-09,28.71,,
2003-07-10,28.88,,
2003-07-11,29.19,,
2003-07-14,28.96,,
2003-07-15,29.17,,
2003-07-16,28.72,,
2003-07-17,28.62,,
2003-07-18,28.93,,
2003-07-21,28.69,,
2003-07-22,27.49,,
2003-07-23,27.78,,
2003-07-24,28.16,,
2003-07-25,28.18,,
2003-07-28,28.03,,
2003-07-29,28.1,,
2003-07-30,28.5,,
2003-07-31,28.37,,
2003-08-01,29.99,,
2003-08-04,29.53,,
2003-08-05,29.93,,
2003-08-06,29.48,,
2003-08-07,30.25,,
2003-08-08,29.99,,
2003-08-11,29.91,,
2003-08-12,29.87,,
2003-08-13,29.01,,
2003-08-14,28.83,,
2003-08-15,28.81,,
2003-08-18,28.66,,
2003-08-19,28.47,,
2003-08-20,28.84,,
2003-08-21,29.71,,
2003-08-22,29.7,,
2003-08-26,29.77,,
2003-08-27,29.18,,
2003-08-28,29.44,,
2003-08-29,29.49,,
2003-09-01,29.25,,
2003-09-02,27.52,,
2003-09-03,27.74,,
2003-09-04,27.31,,
2003-09-05,27.21,,
2003-09-08,27.17,,
2003-09-09,27.37,,
2003-09-10,27.52,,
2003-09-11,27.02,,
2003-09-12,26.77,,
2003-09-15,26.7,,
2003-09-16,25.99,,
2003-09-17,25.67,,
2003-09-18,25.59,,
2003-09-19,25.32,,
2003-09-22,25.53,,
2003-09-23,25.52,,
2003-09-24,26.67,,
2003-09-25,26.81,,
2003-09-26,26.64,,
2003-09-29,26.83,,
2003-09-30,27.61,,
2003-10-01,27.88,,
2003-10-02,28.27,,
2003-10-03,28.71,,
2003-10-06,28.89,,
2003-10-07,29.03,,
2003-10-08,28.73,,
2003-10-09,30.14,,
2003-10-10,30.9,,
2003-10-13,30.67,,
2003-10-14,30.69,,
2003-10-15,30.87,,
2003-10-16,31.11,,
2003-10-17,29.03,,
2003-10-20,28.62,,
2003-10-21,28.63,,
2003-10-22,28.28,,
2003-10-23,28.63,,
2003-10-24,28.58,,
2003-10-27,28.39,,
2003-10-28,28.04,,
2003-10-29,27.44,,
2003-10-30,27.1,,
2003-10-31,27.7,,
2003-11-03,27.36,,
2003-11-04,27.16,,
2003-11-05,28.6,,
2003-11-06,28.41,,
2003-11-07,28.91,,
2003-11-10,28.99,,
2003-11-11,29.09,,
2003-11-12,29.2,,
2003-11-13,29.21,,
2003-11-14,29.56,,
2003-11-17,29.05,,
2003-11-18,30.47,,
2003-11-19,29.78,,
2003-11-20,29.56,,
2003-11-21,29.36,,
2003-11-24,27.86,,
2003-11-25,27.94,,
2003-11-26,28.47,,
2003-11-27,28.7,,
2003-11-28,28.45,,
2003-12-01,28.25,,
2003-12-02,28.94,,
2003-12-03,29.14,,
2003-12-04,29.23,,
2003-12-05,28.74,,
2003-12-08,29.98,,
2003-12-09,29.63,,
2003-12-10,29.66,,
2003-12-11,29.57,,
2003-12-12,30.37,,
2003-12-15,30.32,,
2003-12-16,30.38,,
2003-12-17,30.59,,
2003-12-18,30.8,,
2003-12-19,30.05,,
2003-12-22,28.99,,
2003-12-23,29.04,,
2003-12-24,29.06,,
2003-12-29,29.31,,
2003-12-30,29.74,,
2003-12-31,30.17,,
2004-01-02,29.32,,
2004-01-05,30.89,,
2004-01-06,30.82,,
2004-01-07,30.76,,
2004-01-08,31.08,,
2004-01-09,31.37,,
2004-01-12,31.76,,
2004-01-13,31.37,,
2004-01-14,31.03,,
2004-01-15,31.56,,
2004-01-16,30.47,,
2004-01-19,30.57,,
2004-01-20,31.23,,
2004-01-21,30.86,,
2004-01-22,31.11,,
2004-01-23,30.96,,
2004-01-26,30.45,,
2004-01-27,30.23,,
2004-01-28,29.77,,
2004-01-29,29.13,,
2004-01-30,29.18,,
2004-02-02,30.23,,
2004-02-03,29.5,,
2004-02-04,28.88,,
2004-02-05,29.27,,
2004-02-06,28.83,,
2004-02-09,29.11,,
2004-02-10,30.04,,
2004-02-11,29.87,,
2004-02-12,30.07,,
2004-02-13,30.57,,
2004-02-16,30.32,,
2004-02-17,30.69,,
2004-02-18,30.99,,
2004-02-19,30.82,,
2004-02-20,30.69,,
2004-02-23,30.81,,
2004-02-24,30.81,,
2004-02-25,31.57,,
2004-02-26,31.57,,
2004-02-27,32.23,,
2004-03-01,33.34,,
2004-03-02,33.15,,
2004-03-03,32.23,,
2004-03-04,32.89,,
2004-03-05,33.35,,
2004-03-08,32.77,,
2004-03-09,32.23,,
2004-03-10,31.99,,
2004-03-11,32.83,,
2004-03-12,32.24,,
2004-03-15,33.8,,
2004-03-16,33.45,,
2004-03-17,33.53,,
2004-03-18,33.13,,
2004-03-19,33.26,,
2004-03-22,32.8,,
2004-03-23,33.31,,
2004-03-24,33.01,,
2004-03-25,31.83,,
2004-03-26,31.99,,
2004-03-29,31.74,,
2004-03-30,32.45,,
2004-03-31,31.51,,
2004-04-01,31.55,,
2004-04-02,30.21,,
2004-04-05,30.69,,
2004-04-06,31.35,,
2004-04-07,32.45,,
2004-04-08,33.34,,
2004-04-13,33.19,,
2004-04-14,33.45,,
2004-04-15,33.12,,
2004-04-16,33.64,,
2004-04-19,33.46,,
2004-04-20,33.11,,
2004-04-21,32.46,,
2004-04-22,33.39,,
2004-04-23,33.09,,
2004-04-26,33.58,,
2004-04-27,34.28,,
2004-04-28,34.31,,
2004-04-29,34.38,,
2004-04-30,34.48,,
2004-05-04,35.93,,
2004-05-05,36.72,,
2004-05-06,36.53,,
2004-05-07,37.0,,
2004-05-10,35.97,,
2004-05-11,37.36,,
2004-05-12,37.95,,
2004-05-13,38.49,,
2004-05-14,38.76,,
2004-05-17,37.91,,
2004-05-18,36.95,,
2004-05-19,37.9,,
2004-05-20,37.26,,
2004-05-21,36.51,,
2004-05-24,38.17,,
2004-05-25,37.44,,
2004-05-26,37.08,,
2004-05-27,36.25,,
2004-05-28,36.58,,
2004-06-01,39.08,,
2004-06-02,36.86,,
2004-06-03,36.4,,
2004-06-04,35.67,,
2004-06-07,35.96,,
2004-06-08,35.05,,
2004-06-09,35.29,,
2004-06-10,35.74,,
2004-06-11,35.44,,
2004-06-14,35.49,,
2004-06-15,35.29,,
2004-06-16,35.2,,
2004-06-17,36.21,,
2004-06-18,36.21,,
2004-06-21,35.13,,
2004-06-22,35.61,,
2004-06-23,35.03,,
2004-06-24,35.3,,
2004-06-25,34.97,,
2004-06-28,33.7,,
2004-06-29,33.11,,
2004-06-30,34.5,,
2004-07-01,36.07,,
2004-07-02,35.92,,
2004-07-05,36.3,,
2004-07-06,37.18,,
2004-07-07,36.61,,
2004-07-08,37.77,,
2004-07-09,37.05,,
2004-07-12,36.63,,
2004-07-13,36.69,,
2004-07-14,38.54,,
2004-07-15,38.11,,
2004-07-16,38.0,,
2004-07-19,37.9,,
2004-07-20,37.01,,
2004-07-21,37.16,,
2004-07-22,38.01,,
2004-07-23,38.27,,
2004-07-26,38.11,,
2004-07-27,38.54,,
2004-07-28,39.53,,
2004-07-29,39.25,,
2004-07-30,40.03,,
2004-08-02,39.97,,
2004-08-03,40.64,,
2004-08-04,39.7,,
2004-08-05,41.12,,
2004-08-06,40.63,,
2004-08-09,41.56,,
2004-08-10,41.28,,
2004-08-11,41.57,,
2004-08-12,42.29,,
2004-08-13,43.88,,
2004-08-16,43.67,,
2004-08-17,42.99,,
2004-08-18,43.03,,
2004-08-19,44.33,,
2004-08-20,43.54,,
2004-08-23,43.03,,
2004-08-24,42.32,,
2004-08-25,40.68,,
2004-08-26,40.33,,
2004-08-27,40.64,,
2004-08-31,39.61,,
2004-09-01,41.47,,
2004-09-02,41.57,,
2004-09-03,41.23,,
2004-09-06,40.62,,
2004-09-07,40.76,,
2004-09-08,40.39,,
2004-09-09,42.22,,
2004-09-10,40.2,,
2004-09-13,41.06,,
2004-09-14,41.73,,
2004-09-15,41.85,,
2004-09-16,40.75,,
2004-09-17,42.45,,
2004-09-20,42.91,,
2004-09-21,43.39,,
2004-09-22,44.93,,
2004-09-23,45.13,,
2004-09-24,45.33,,
2004-09-27,45.93,,
2004-09-28,46.45,,
2004-09-29,46.08,,
2004-09-30,46.38,,
2004-10-01,46.62,,
2004-10-04,46.19,,
2004-10-05,47.13,,
2004-10-06,47.99,,
2004-10-07,48.9,,
2004-10-08,49.71,,
2004-10-11,50.66,,
2004-10-12,49.6,,
2004-10-13,50.05,,
2004-10-14,50.84,,
2004-10-15,49.93,,
2004-10-18,48.91,,
2004-10-19,48.77,,
2004-10-20,50.52,,
2004-10-21,50.72,,
2004-10-22,51.22,,
2004-10-25,50.78,,
2004-10-26,51.56,,
2004-10-27,49.45,,
2004-10-28,48.37,,
2004-10-29,48.98,,
2004-11-01,47.06,,
2004-11-02,46.55,,
2004-11-03,47.56,,
2004-11-04,46.01,,
2004-11-05,46.42,,
2004-11-08,45.92,,
2004-11-09,43.71,,
2004-11-10,44.75,,
2004-11-11,43.02,,
2004-11-12,42.31,,
2004-11-15,40.34,,
2004-11-16,42.29,,
2004-11-17,42.76,,
2004-11-18,42.72,,
2004-11-19,44.89,,
2004-11-22,44.38,,
2004-11-23,44.45,,
2004-11-24,44.82,,
2004-11-25,44.66,,
2004-11-26,44.57,,
2004-11-29,45.75,,
2004-11-30,45.51,,
2004-12-01,42.31,,
2004-12-02,40.15,,
2004-12-03,39.36,,
2004-12-06,39.65,,
2004-12-07,38.27,,
2004-12-08,38.69,,
2004-12-09,39.67,,
2004-12-10,37.38,,
2004-12-13,37.84,,
2004-12-14,39.25,,
2004-12-15,42.22,,
2004-12-16,41.45,,
2004-12-17,43.39,,
2004-12-20,42.45,,
2004-12-21,42.37,,
2004-12-22,40.64,,
2004-12-23,40.71,,
2004-12-24,40.07,,
2004-12-29,39.17,,
2004-12-30,40.37,,
2004-12-31,40.46,,
2005-01-04,41.04,,
2005-01-05,40.51,,
2005-01-06,42.85,,
2005-01-07,43.18,,
2005-01-10,42.92,,
2005-01-11,43.12,,
2005-01-12,43.68,,
2005-01-13,45.21,,
2005-01-14,45.15,,
2005-01-17,45.03,,
2005-01-18,45.39,,
2005-01-19,44.71,,
2005-01-20,44.32,,
2005-01-21,45.73,,
2005-01-24,46.01,,
2005-01-25,46.96,,
2005-01-26,46.51,,
2005-01-27,46.44,,
2005-01-28,44.95,,
2005-01-31,45.92,,
2005-02-01,44.82,,
2005-02-02,44.01,,
2005-02-03,43.85,,
2005-02-04,43.89,,
2005-02-07,43.04,,
2005-02-08,43.07,,
2005-02-09,43.13,,
2005-02-10,44.48,,
2005-02-11,44.8,,
2005-02-14,45.53,,
2005-02-15,45.39,,
2005-02-16,46.15,,
2005-02-17,45.82,,
2005-02-18,46.34,,
2005-02-21,46.73,,
2005-02-22,48.62,,
2005-02-23,48.51,,
2005-02-24,49.44,,
2005-02-25,49.61,,
2005-02-28,50.06,,
2005-03-01,50.11,,
2005-03-02,51.22,,
2005-03-03,51.95,,
2005-03-04,51.8,,
2005-03-07,52.09,,
2005-03-08,52.84,,
2005-03-09,53.38,,
2005-03-10,52.66,,
2005-03-11,53.1,,
2005-03-14,53.66,,
2005-03-15,53.85,,
2005-03-16,54.8,,
2005-03-17,55.06,,
2005-03-18,55.59,,
2005-03-21,55.65,,
2005-03-22,54.59,,
2005-03-23,53.04,,
2005-03-24,53.93,,
2005-03-29,53.03,,
2005-03-30,52.09,,
2005-03-31,54.29,,
2005-04-01,56.51,,
2005-04-04,56.23,,
2005-04-05,55.44,,
2005-04-06,55.27,,
2005-04-07,54.04,,
2005-04-08,52.89,,
2005-04-11,53.21,,
2005-04-12,51.98,,
2005-04-13,50.48,,
2005-04-14,50.91,,
2005-04-15,51.61,,
2005-04-18,50.78,,
2005-04-19,52.94,,
2005-04-20,53.78,,
2005-04-21,54.01,,
2005-04-22,54.97,,
2005-04-25,54.4,,
2005-04-26,54.14,,
2005-04-27,52.29,,
2005-04-28,52.48,,
2005-04-29,51.09,,
2005-05-03,50.52,,
2005-05-04,50.97,,
2005-05-05,51.13,,
2005-05-06,50.77,,
2005-05-09,51.29,,
2005-05-10,51.43,,
2005-05-11,50.07,,
2005-05-12,48.34,,
2005-05-13,48.66,,
2005-05-16,48.05,,
2005-05-17,49.34,,
2005-05-18,48.15,,
2005-05-19,47.88,,
2005-05-20,48.03,,
2005-05-23,48.37,,
2005-05-24,48.82,,
2005-05-25,50.07,,
2005-05-26,50.16,,
2005-05-27,50.7,,
2005-05-31,50.73,,
2005-06-01,53.27,,
2005-06-02,52.4,,
2005-06-03,54.17,,
2005-06-06,53.67,,
2005-06-07,53.13,,
2005-06-08,52.11,,
2005-06-09,53.82,,
2005-06-10,52.67,,
2005-06-13,54.78,,
2005-06-14,53.73,,
2005-06-15,54.5,,
2005-06-16,56.22,,
2005-06-17,57.76,,
2005-06-20,58.32,,
2005-06-21,57.5,,
2005-06-22,56.58,,
2005-06-23,57.96,,
2005-06-24,58.36,,
2005-06-27,59.3,,
2005-06-28,57.18,,
2005-06-29,56.15,,
2005-06-30,55.58,,
2005-07-01,57.54,,
2005-07-04,57.94,,
2005-07-05,58.29,,
2005-07-06,59.85,,
2005-07-07,59.28,,
2005-07-08,58.2,,
2005-07-11,57.44,,
2005-07-12,58.82,,
2005-07-13,58.27,,
2005-07-14,57.31,,
2005-07-15,57.61,,
2005-07-18,56.99,,
2005-07-19,57.36,,
2005-07-20,56.65,,
2005-07-21,55.72,,
2005-07-22,57.58,,
2005-07-25,57.86,,
2005-07-26,58.03,,
2005-07-27,58.01,,
2005-07-28,58.76,,
2005-07-29,59.37,,
2005-08-01,60.44,,
2005-08-02,60.62,,
2005-08-03,59.65,,
2005-08-04,60.12,,
2005-08-05,61.07,,
2005-08-08,62.7,,
2005-08-09,61.98,,
2005-08-10,63.99,,
2005-08-11,65.38,,
2005-08-12,66.45,,
2005-08-15,65.58,,
2005-08-16,65.41,,
2005-08-17,62.56,,
2005-08-18,62.4,,
2005-08-19,64.36,,
2005-08-22,64.5,,
2005-08-23,64.65,,
2005-08-24,66.01,,
2005-08-25,66.27,,
2005-08-26,64.87,,
2005-08-30,67.57,,
2005-08-31,67.02,,
2005-09-01,67.72,,
2005-09-02,66.06,,
2005-09-05,64.85,,
2005-09-06,64.67,,
2005-09-07,62.89,,
2005-09-08,63.08,,
2005-09-09,62.84,,
2005-09-12,61.8,,
2005-09-13,61.61,,
2005-09-14,63.37,,
2005-09-15,63.16,,
2005-09-16,61.81,,
2005-09-19,65.61,,
2005-09-20,64.2,,
2005-09-21,64.73,,
2005-09-22,64.6,,
2005-09-23,62.44,,
2005-09-26,63.93,,
2005-09-27,62.97,,
2005-09-28,63.93,,
2005-09-29,63.84,,
2005-09-30,63.48,,
2005-10-03,62.8,,
2005-10-04,61.22,,
2005-10-05,60.12,,
2005-10-06,58.37,,
2005-10-07,59.21,,
2005-10-10,58.78,,
2005-10-11,60.08,,
2005-10-12,60.57,,
2005-10-13,60.14,,
2005-10-14,59.35,,
2005-10-17,60.57,,
2005-10-18,59.28,,
2005-10-19,58.6,,
2005-10-20,57.91,,
2005-10-21,58.48,,
2005-10-24,58.24,,
2005-10-25,60.24,,
2005-10-26,58.87,,
2005-10-27,59.14,,
2005-10-28,59.42,,
2005-10-31,58.1,,
2005-11-01,58.37,,
2005-11-02,58.38,,
2005-11-03,60.52,,
2005-11-04,59.25,,
2005-11-07,58.04,,
2005-11-08,57.81,,
2005-11-09,56.88,,
2005-11-10,55.68,,
2005-11-11,54.99,,
2005-11-14,54.73,,
2005-11-15,54.05,,
2005-11-16,56.0,,
2005-11-17,54.85,,
2005-11-18,54.88,,
2005-11-21,55.34,,
2005-11-22,56.41,,
2005-11-23,56.21,,
2005-11-24,55.3,,
2005-11-25,55.01,,
2005-11-28,54.88,,
2005-11-29,54.32,,
2005-11-30,55.05,,
2005-12-01,56.15,,
2005-12-02,57.05,,
2005-12-05,57.73,,
2005-12-06,57.61,,
2005-12-07,56.98,,
2005-12-08,58.67,,
2005-12-09,57.31,,
2005-12-12,59.44,,
2005-12-13,59.52,,
2005-12-14,59.6,,
2005-12-15,59.85,,
2005-12-16,57.13,,
2005-12-19,56.11,,
2005-12-20,56.17,,
2005-12-21,56.72,,
2005-12-22,56.55,,
2005-12-23,56.69,,
2005-12-27,56.29,,
2005-12-28,57.64,,
2005-12-29,58.07,,
2005-12-30,58.98,,
2006-01-03,61.35,,
2006-01-04,61.68,,
2006-01-05,61.13,,
2006-01-06,62.72,,
2006-01-09,62.01,,
2006-01-10,61.92,,
2006-01-11,62.17,,
2006-01-12,62.62,,
2006-01-13,62.26,,
2006-01-16,62.93,,
2006-01-17,64.9,,
2006-01-18,64.19,,
2006-01-19,65.23,,
2006-01-20,66.43,,
2006-01-23,66.16,,
2006-01-24,65.34,,
2006-01-25,64.23,,
2006-01-26,64.92,,
2006-01-27,66.24,,
2006-01-30,66.59,,
2006-01-31,65.99,,
2006-02-01,65.03,,
2006-02-02,62.88,,
2006-02-03,63.39,,
2006-02-06,63.33,,
2006-02-07,61.56,,
2006-02-08,61.06,,
2006-02-09,60.75,,
2006-02-10,59.64,,
2006-02-13,59.38,,
2006-02-14,59.52,,
2006-02-15,58.15,,
2006-02-16,58.79,,
2006-02-17,59.89,,
2006-02-20,61.54,,
2006-02-21,61.6,,
2006-02-22,60.44,,
2006-02-23,60.54,,
2006-02-24,62.6,,
2006-02-27,60.99,,
2006-02-28,61.76,,
2006-03-01,62.45,,
2006-03-02,64.07,,
2006-03-03,64.18,,
2006-03-06,62.34,,
2006-03-07,61.17,,
2006-03-08,60.03,,
2006-03-09,61.06,,
2006-03-10,60.83,,
2006-03-13,62.2,,
2006-03-14,63.97,,
2006-03-15,62.94,,
2006-03-16,62.91,,
2006-03-17,63.26,,
2006-03-20,61.34,,
2006-03-21,62.13,,
2006-03-22,61.5,,
2006-03-23,63.27,,
2006-03-24,63.51,,
2006-03-27,63.61,,
2006-03-28,64.97,,
2006-03-29,65.55,,
2006-03-30,66.46,,
2006-03-31,65.91,,
2006-04-03,66.84,,
2006-04-04,66.39,,
2006-04-05,67.1,,
2006-04-06,67.84,,
2006-04-07,67.29,,
2006-04-10,68.75,,
2006-04-11,69.37,,
2006-04-12,69.42,,
2006-04-13,70.14,,
2006-04-17,71.3,,
2006-04-18,71.85,,
2006-04-19,72.95,,
2006-04-20,72.87,,
2006-04-21,74.17,,
2006-04-24,73.86,,
2006-04-25,72.46,,
2006-04-26,72.44,,
2006-04-27,71.02,,
2006-04-28,72.5,,
2006-05-01,73.4,,
2006-05-02,74.87,,
2006-05-03,73.32,,
2006-05-04,70.39,,
2006-05-05,70.88,,
2006-05-08,69.33,,
2006-05-09,71.22,,
2006-05-10,70.82,,
2006-05-11,72.51,,
2006-05-12,72.18,,
2006-05-15,70.21,,
2006-05-16,70.24,,
2006-05-17,69.04,,
2006-05-18,69.67,,
2006-05-19,68.68,,
2006-05-22,69.35,,
2006-05-23,71.0,,
2006-05-24,69.22,,
2006-05-25,70.71,,
2006-05-26,70.59,,
2006-05-30,71.05,,
2006-05-31,70.41,,
2006-06-01,69.39,,
2006-06-02,71.03,,
2006-06-05,71.37,,
2006-06-06,70.81,,
2006-06-07,69.19,,
2006-06-08,69.05,,
2006-06-09,70.48,,
2006-06-12,68.93,,
2006-06-13,66.92,,
2006-06-14,66.98,,
2006-06-15,67.43,,
2006-06-16,68.8,,
2006-06-19,68.11,,
2006-06-20,68.08,,
2006-06-21,69.17,,
2006-06-22,69.95,,
2006-06-23,69.93,,
2006-06-26,70.73,,
2006-06-27,70.98,,
2006-06-28,71.41,,
2006-06-29,72.88,,
2006-06-30,73.51,,
2006-07-03,73.39,,
2006-07-04,72.51,,
2006-07-05,73.98,,
2006-07-06,74.08,,
2006-07-07,73.51,,
2006-07-10,72.89,,
2006-07-11,73.67,555.0,
2006-07-12,74.39,555.0,
2006-07-13,76.69,555.0,
2006-07-14,77.27,555.0,
2006-07-17,75.92,555.0,
2006-07-18,74.36,555.0,
2006-07-19,73.9,555.0,
2006-07-20,73.72,555.0,
2006-07-21,73.75,525.0,
2006-07-24,74.61,525.0,
2006-07-25,73.28,525.0,
2006-07-26,74.0,525.0,
2006-07-27,75.01,525.0,
2006-07-28,73.39,525.0,
2006-07-31,75.15,525.0,
2006-08-01,75.89,525.0,
2006-08-02,76.89,525.0,
2006-08-03,76.56,525.0,
2006-08-04,76.17,525.0,
2006-08-07,78.3,525.0,
2006-08-08,77.55,525.0,
2006-08-09,77.28,525.0,
2006-08-10,75.28,525.0,
2006-08-11,75.63,495.0,
2006-08-14,74.3,495.0,
2006-08-15,73.8,495.0,
2006-08-16,73.08,495.0,
2006-08-17,71.58,495.0,
2006-08-18,72.3,490.0,
2006-08-21,73.38,490.0,
2006-08-22,73.24,490.0,
2006-08-23,72.02,490.0,
2006-08-24,72.68,490.0,
2006-08-25,72.7,470.0,
2006-08-28,70.82,470.0,
2006-08-29,69.86,470.0,
2006-08-30,70.18,470.0,
2006-08-31,70.25,470.0,
2006-09-01,69.15,485.0,
2006-09-04,67.71,485.0,
2006-09-05,68.09,485.0,
2006-09-06,66.93,485.0,
2006-09-07,66.53,485.0,
2006-09-08,65.33,485.0,
2006-09-11,64.55,485.0,
2006-09-12,62.99,485.0,
2006-09-13,62.99,485.0,
2006-09-14,62.24,485.0,
2006-09-15,63.33,485.0,
2006-09-18,64.05,485.0,
2006-09-19,62.17,485.0,
2006-09-20,60.47,485.0,
2006-09-21,61.34,485.0,
2006-09-22,60.41,452.5,
2006-09-25,60.8,452.5,
2006-09-26,60.12,452.5,
2006-09-27,62.21,452.5,
2006-09-28,62.54,452.5,
2006-09-29,62.48,452.5,
2006-10-02,60.45,452.5,
2006-10-03,58.43,452.5,
2006-10-04,59.22,452.5,
2006-10-05,60.0,452.5,
2006-10-06,59.83,452.5,
2006-10-09,60.54,452.5,
2006-10-10,59.34,452.5,
2006-10-11,58.65,452.5,
2006-10-12,58.76,452.5,
2006-10-13,59.52,485.0,
2006-10-16,59.96,485.0,
2006-10-17,60.94,485.0,
2006-10-18,59.58,485.0,
2006-10-19,60.87,485.0,
2006-10-20,59.68,485.0,
2006-10-23,59.21,485.0,
2006-10-24,59.86,485.0,
2006-10-25,62.05,485.0,
2006-10-26,60.77,485.0,
2006-10-27,61.08,485.0,
2006-10-30,58.68,485.0,
2006-10-31,59.03,485.0,
2006-11-01,58.98,485.0,
2006-11-02,57.87,485.0,
2006-11-03,59.15,470.0,
2006-11-06,59.75,470.0,
2006-11-07,58.48,470.0,
2006-11-08,59.59,470.0,
2006-11-09,61.32,470.0,
2006-11-10,59.71,470.0,
2006-11-13,59.05,470.0,
2006-11-14,58.84,470.0,
2006-11-15,59.46,470.0,
2006-11-16,58.54,470.0,
2006-11-17,58.99,470.0,
2006-11-20,58.98,470.0,
2006-11-21,60.39,470.0,
2006-11-22,59.49,470.0,
2006-11-23,59.35,470.0,
2006-11-24,60.03,470.0,
2006-11-27,60.44,470.0,
2006-11-28,61.21,470.0,
2006-11-29,63.07,470.0,
2006-11-30,64.26,470.0,
2006-12-01,64.62,470.0,
2006-12-04,63.45,470.0,
2006-12-05,63.32,470.0,
2006-12-06,63.07,470.0,
2006-12-07,62.57,470.0,
2006-12-08,62.2,470.0,
2006-12-11,61.84,470.0,
2006-12-12,61.52,470.0,
2006-12-13,61.33,470.0,
2006-12-14,62.12,470.0,
2006-12-15,63.49,470.0,
2006-12-18,62.13,470.0,
2006-12-19,62.81,470.0,
2006-12-20,63.23,470.0,
2006-12-21,62.46,470.0,
2006-12-22,62.42,470.0,
2006-12-25,,470.0,
2006-12-26,61.1,470.0,
2006-12-27,60.52,470.0,
2006-12-28,60.67,470.0,
2006-12-29,60.86,470.0,
2007-01-01,,470.0,
2007-01-02,60.44,470.0,
2007-01-03,57.96,470.0,
2007-01-04,55.11,470.0,
2007-01-05,55.64,470.0,
2007-01-08,55.6,470.0,
2007-01-09,55.18,470.0,
2007-01-10,53.69,470.0,
2007-01-11,51.7,470.0,
2007-01-12,52.95,470.0,
2007-01-15,53.12,470.0,
2007-01-16,52.26,470.0,
2007-01-17,52.78,470.0,
2007-01-18,51.75,470.0,
2007-01-19,53.44,470.0,
2007-01-22,52.7,470.0,
2007-01-23,55.1,470.0,
2007-01-24,55.43,470.0,
2007-01-25,54.12,470.0,
2007-01-26,55.29,470.0,
2007-01-29,53.68,470.0,
2007-01-30,56.39,470.0,
2007-01-31,57.4,470.0,
2007-02-01,56.72,470.0,
2007-02-02,58.41,470.0,
2007-02-05,58.1,470.0,
2007-02-06,58.42,470.0,
2007-02-07,57.23,470.0,
2007-02-08,59.03,470.0,
2007-02-09,59.01,485.0,
2007-02-12,56.6,485.0,
2007-02-13,57.03,485.0,
2007-02-14,57.43,485.0,
2007-02-15,57.6,485.0,
2007-02-16,58.95,485.0,
2007-02-19,58.14,485.0,
2007-02-20,57.98,485.0,
2007-02-21,59.35,485.0,
2007-02-22,60.62,485.0,
2007-02-23,60.88,485.0,
2007-02-26,61.33,485.0,
2007-02-27,61.36,485.0,
2007-02-28,61.89,485.0,
2007-03-01,62.11,485.0,
2007-03-02,62.08,560.0,
2007-03-05,60.54,560.0,
2007-03-06,61.39,560.0,
2007-03-07,62.5,560.0,
2007-03-08,62.33,560.0,
2007-03-09,61.13,560.0,
2007-03-12,60.74,560.0,
2007-03-13,60.9,560.0,
2007-03-14,61.06,560.0,
2007-03-15,60.98,560.0,
2007-03-16,60.3,560.0,
2007-03-19,60.52,560.0,
2007-03-20,60.2,560.0,
2007-03-21,60.77,560.0,
2007-03-22,62.51,560.0,
2007-03-23,63.18,560.0,
2007-03-26,64.41,560.0,
2007-03-27,64.6,560.0,
2007-03-28,65.78,560.0,
2007-03-29,67.88,560.0,
2007-03-30,68.1,560.0,
2007-04-02,68.74,560.0,
2007-04-03,67.81,560.0,
2007-04-04,68.4,560.0,
2007-04-05,68.24,560.0,
2007-04-06,,560.0,
2007-04-09,66.59,560.0,
2007-04-10,67.42,560.0,
2007-04-11,67.84,560.0,
2007-04-12,68.72,560.0,
2007-04-13,68.97,560.0,
2007-04-16,67.25,560.0,
2007-04-17,65.93,560.0,
2007-04-18,66.04,560.0,
2007-04-19,65.94,560.0,
2007-04-20,66.49,565.0,
2007-04-23,68.15,565.0,
2007-04-24,67.16,565.0,
2007-04-25,68.57,565.0,
2007-04-26,67.65,565.0,
2007-04-27,68.41,560.0,
2007-04-30,67.65,560.0,
2007-05-01,67.0,560.0,
2007-05-02,66.25,560.0,
2007-05-03,66.05,560.0,
2007-05-04,65.31,560.0,
2007-05-07,64.44,560.0,
2007-05-08,65.54,560.0,
2007-05-09,65.2,560.0,
2007-05-10,65.79,560.0,
2007-05-11,66.83,592.5,
2007-05-14,66.83,592.5,
2007-05-15,68.11,592.5,
2007-05-16,68.01,592.5,
2007-05-17,70.27,592.5,
2007-05-18,69.42,605.0,
2007-05-21,70.49,605.0,
2007-05-22,69.52,605.0,
2007-05-23,70.6,605.0,
2007-05-24,70.72,605.0,
2007-05-25,70.69,605.0,
2007-05-28,69.71,605.0,
2007-05-29,68.13,605.0,
2007-05-30,67.84,605.0,
2007-05-31,68.04,605.0,
2007-06-01,69.07,605.0,
2007-06-04,70.4,605.0,
2007-06-05,70.45,605.0,
2007-06-06,71.02,605.0,
2007-06-07,71.22,605.0,
2007-06-08,68.6,605.0,
2007-06-11,69.56,605.0,
2007-06-12,68.79,605.0,
2007-06-13,69.94,605.0,
2007-06-14,70.96,605.0,
2007-06-15,71.47,560.0,
2007-06-18,72.18,560.0,
2007-06-19,71.84,560.0,
2007-06-20,70.42,560.0,
2007-06-21,70.22,560.0,
2007-06-22,71.18,560.0,
2007-06-25,71.36,560.0,
2007-06-26,70.17,560.0,
2007-06-27,70.53,560.0,
2007-06-28,70.52,560.0,
2007-06-29,71.41,530.0,
2007-07-02,72.63,530.0,
2007-07-03,72.93,530.0,
2007-07-04,73.05,530.0,
2007-07-05,74.75,530.0,
2007-07-06,75.62,530.0,
2007-07-09,75.78,530.0,
2007-07-10,76.4,530.0,
2007-07-11,75.44,530.0,
2007-07-12,76.4,530.0,
2007-07-13,77.57,525.0,
2007-07-16,77.33,525.0,
2007-07-17,75.53,525.0,
2007-07-18,76.76,525.0,
2007-07-19,77.67,525.0,
2007-07-20,77.64,525.0,
2007-07-23,76.86,525.0,
2007-07-24,75.08,525.0,
2007-07-25,76.32,525.0,
2007-07-26,75.18,525.0,
2007-07-27,76.26,525.0,
2007-07-30,75.74,525.0,
2007-07-31,77.05,525.0,
2007-08-01,75.35,525.0,
2007-08-02,75.76,525.0,
2007-08-03,74.75,515.0,
2007-08-06,71.17,515.0,
2007-08-07,71.8,515.0,
2007-08-08,70.99,515.0,
2007-08-09,70.21,515.0,
2007-08-10,70.39,515.0,
2007-08-13,70.23,515.0,
2007-08-14,70.51,515.0,
2007-08-15,71.64,515.0,
2007-08-16,69.42,515.0,
2007-08-17,70.44,545.0,
2007-08-20,69.85,545.0,
2007-08-21,68.69,545.0,
2007-08-22,68.7,545.0,
2007-08-23,69.86,545.0,
2007-08-24,70.62,550.0,
2007-08-27,70.95,550.0,
2007-08-28,70.55,550.0,
2007-08-29,72.13,550.0,
2007-08-30,71.9,550.0,
2007-08-31,72.69,552.5,
2007-09-03,73.41,552.5,
2007-09-04,73.92,552.5,
2007-09-05,74.34,552.5,
2007-09-06,74.77,552.5,
2007-09-07,75.07,556.0,
2007-09-10,75.48,556.0,
2007-09-11,76.38,556.0,
2007-09-12,77.68,556.0,
2007-09-13,77.4,556.0,
2007-09-14,76.22,556.0,
2007-09-17,76.98,556.0,
2007-09-18,77.59,556.0,
2007-09-19,78.47,556.0,
2007-09-20,79.09,556.0,
2007-09-21,79.3,556.0,
2007-09-24,78.91,556.0,
2007-09-25,77.62,556.0,
2007-09-26,77.43,556.0,
2007-09-27,80.03,556.0,
2007-09-28,79.17,556.0,
2007-10-01,77.64,556.0,
2007-10-02,77.38,556.0,
2007-10-03,77.19,556.0,
2007-10-04,78.97,556.0,
2007-10-05,78.9,556.0,
2007-10-08,76.58,556.0,
2007-10-09,77.49,556.0,
2007-10-10,78.6,556.0,
2007-10-11,80.15,556.0,
2007-10-12,80.55,555.0,
2007-10-15,82.75,555.0,
2007-10-16,84.16,555.0,
2007-10-17,83.13,555.0,
2007-10-18,84.6,555.0,
2007-10-19,83.79,575.0,
2007-10-22,83.27,575.0,
2007-10-23,82.85,575.0,
2007-10-24,84.37,575.0,
2007-10-25,87.48,575.0,
2007-10-26,88.69,575.0,
2007-10-29,90.32,575.0,
2007-10-30,87.44,575.0,
2007-10-31,90.63,575.0,
2007-11-01,89.72,575.0,
2007-11-02,92.08,575.0,
2007-11-05,90.49,575.0,
2007-11-06,93.26,575.0,
2007-11-07,93.24,575.0,
2007-11-08,92.79,575.0,
2007-11-09,93.18,575.0,
2007-11-12,91.98,575.0,
2007-11-13,88.83,575.0,
2007-11-14,91.36,575.0,
2007-11-15,90.94,575.0,
2007-11-16,91.62,575.0,
2007-11-19,92.28,575.0,
2007-11-20,95.49,575.0,
2007-11-21,94.84,575.0,
2007-11-22,94.5,575.0,
2007-11-23,95.76,585.0,
2007-11-26,95.32,585.0,
2007-11-27,92.52,585.0,
2007-11-28,89.81,585.0,
2007-11-29,90.22,585.0,
2007-11-30,88.26,605.0,
2007-12-03,89.8,605.0,
2007-12-04,89.53,605.0,
2007-12-05,88.49,605.0,
2007-12-06,90.18,605.0,
2007-12-07,88.64,605.0,
2007-12-10,88.04,605.0,
2007-12-11,89.99,605.0,
2007-12-12,94.02,605.0,
2007-12-13,92.12,605.0,
2007-12-14,92.67,650.0,
2007-12-17,91.29,650.0,
2007-12-18,90.12,650.0,
2007-12-19,91.48,650.0,
2007-12-20,90.88,650.0,
2007-12-21,92.46,650.0,
2007-12-24,92.7,650.0,
2007-12-25,,650.0,
2007-12-26,93.94,650.0,
2007-12-27,94.78,650.0,
2007-12-28,93.88,650.0,
2007-12-31,93.85,650.0,
2008-01-01,,650.0,
2008-01-02,97.84,650.0,
2008-01-03,97.6,650.0,
2008-01-04,96.79,675.0,
2008-01-07,94.39,675.0,
2008-01-08,95.54,675.0,
2008-01-09,94.37,675.0,
2008-01-10,92.22,675.0,
2008-01-11,91.07,675.0,
2008-01-14,92.92,675.0,
2008-01-15,90.98,675.0,
2008-01-16,89.75,675.0,
2008-01-17,88.75,675.0,
2008-01-18,89.23,692.5,
2008-01-21,87.51,692.5,
2008-01-22,88.45,692.5,
2008-01-23,86.62,692.5,
2008-01-24,89.07,692.5,
2008-01-25,90.9,692.5,
2008-01-28,91.38,692.5,
2008-01-29,92.0,692.5,
2008-01-30,92.53,692.5,
2008-01-31,92.21,692.5,
2008-02-01,89.44,692.5,
2008-02-04,90.47,692.5,
2008-02-05,88.82,692.5,
2008-02-06,87.78,692.5,
2008-02-07,88.51,692.5,
2008-02-08,91.94,692.5,
2008-02-11,93.53,692.5,
2008-02-12,92.86,692.5,
2008-02-13,93.32,692.5,
2008-02-14,95.09,692.5,
2008-02-15,94.63,692.5,
2008-02-18,94.91,692.5,
2008-02-19,98.56,692.5,
2008-02-20,98.42,692.5,
2008-02-21,96.24,692.5,
2008-02-22,97.01,692.5,
2008-02-25,97.69,692.5,
2008-02-26,99.47,692.5,
2008-02-27,98.27,692.5,
2008-02-28,100.9,692.5,
2008-02-29,100.1,805.0,
2008-03-03,100.48,805.0,
2008-03-04,97.52,805.0,
2008-03-05,101.64,805.0,
2008-03-06,102.61,805.0,
2008-03-07,102.38,837.5,
2008-03-10,104.16,837.5,
2008-03-11,105.25,837.5,
2008-03-12,106.27,837.5,
2008-03-13,107.54,837.5,
2008-03-14,107.55,837.5,
2008-03-17,101.75,837.5,
2008-03-18,105.56,837.5,
2008-03-19,100.72,837.5,
2008-03-20,100.38,837.5,
2008-03-21,,837.5,
2008-03-24,99.86,837.5,
2008-03-25,100.6,837.5,
2008-03-26,103.99,837.5,
2008-03-27,105.0,837.5,
2008-03-28,103.77,837.5,
2008-03-31,100.3,837.5,
2008-04-01,100.17,837.5,
2008-04-02,103.75,837.5,
2008-04-03,102.52,837.5,
2008-04-04,104.9,837.5,
2008-04-07,107.14,837.5,
2008-04-08,106.34,837.5,
2008-04-09,108.47,837.5,
2008-04-10,108.2,837.5,
2008-04-11,108.75,910.0,
2008-04-14,109.84,910.0,
2008-04-15,111.31,910.0,
2008-04-16,112.66,910.0,
2008-04-17,112.43,910.0,
2008-04-18,113.92,910.0,
2008-04-21,114.43,910.0,
2008-04-22,115.95,910.0,
2008-04-23,116.46,910.0,
2008-04-24,114.34,910.0,
2008-04-25,116.34,910.0,
2008-04-28,116.74,910.0,
2008-04-29,113.43,910.0,
2008-04-30,111.36,910.0,
2008-05-01,110.5,910.0,
2008-05-02,114.56,910.0,
2008-05-05,117.99,910.0,
2008-05-06,120.31,910.0,
2008-05-07,122.32,910.0,
2008-05-08,122.84,910.0,
2008-05-09,125.4,910.0,
2008-05-12,122.91,910.0,
2008-05-13,124.1,910.0,
2008-05-14,121.86,910.0,
2008-05-15,121.25,910.0,
2008-05-16,124.99,1025.0,
2008-05-19,125.06,1025.0,
2008-05-20,127.84,1025.0,
2008-05-21,132.7,1025.0,
2008-05-22,130.51,1025.0,
2008-05-23,131.57,1025.0,
2008-05-26,132.37,1025.0,
2008-05-27,128.31,1025.0,
2008-05-28,130.93,1025.0,
2008-05-29,126.89,1025.0,
2008-05-30,127.78,1025.0,
2008-06-02,128.02,1025.0,
2008-06-03,124.58,1025.0,
2008-06-04,122.1,1025.0,
2008-06-05,127.54,1025.0,
2008-06-06,137.69,975.0,
2008-06-09,133.91,975.0,
2008-06-10,131.02,975.0,
2008-06-11,135.02,975.0,
2008-06-12,136.09,975.0,
2008-06-13,134.25,975.0,
2008-06-16,134.71,975.0,
2008-06-17,133.72,975.0,
2008-06-18,136.44,975.0,
2008-06-19,132.0,975.0,
2008-06-20,134.86,1030.0,
2008-06-23,135.91,1030.0,
2008-06-24,136.46,1030.0,
2008-06-25,134.33,1030.0,
2008-06-26,139.83,1030.0,
2008-06-27,140.31,1030.0,
2008-06-30,139.83,1030.0,
2008-07-01,140.67,1030.0,
2008-07-02,144.26,1030.0,
2008-07-03,146.08,1030.0,
2008-07-04,144.42,1030.0,
2008-07-07,141.87,1030.0,
2008-07-08,136.43,1030.0,
2008-07-09,136.58,1030.0,
2008-07-10,142.03,1030.0,
2008-07-11,144.49,1030.0,
2008-07-14,143.92,1030.0,
2008-07-15,138.75,1030.0,
2008-07-16,136.19,1030.0,
2008-07-17,131.07,1030.0,
2008-07-18,130.19,1030.0,
2008-07-21,132.61,1030.0,
2008-07-22,129.55,1030.0,
2008-07-23,125.29,1030.0,
2008-07-24,126.44,1030.0,
2008-07-25,124.52,1025.0,
2008-07-28,125.84,1025.0,
2008-07-29,122.71,1025.0,
2008-07-30,127.1,1025.0,
2008-07-31,123.98,1025.0,
2008-08-01,124.18,1020.0,
2008-08-04,120.68,1020.0,
2008-08-05,117.7,1020.0,
2008-08-06,117.0,1020.0,
2008-08-07,117.86,1020.0,
2008-08-08,113.33,1010.0,
2008-08-11,112.67,1010.0,
2008-08-12,111.15,1010.0,
2008-08-13,113.47,1010.0,
2008-08-14,112.64,1010.0,
2008-08-15,112.55,975.0,
2008-08-18,111.94,975.0,
2008-08-19,113.25,975.0,
2008-08-20,114.36,975.0,
2008-08-21,120.16,975.0,
2008-08-22,113.92,925.0,
2008-08-25,114.03,925.0,
2008-08-26,114.63,925.0,
2008-08-27,116.22,925.0,
2008-08-28,114.17,925.0,
2008-08-29,114.05,925.0,
2008-09-01,109.41,925.0,
2008-09-02,108.34,925.0,
2008-09-03,108.06,925.0,
2008-09-04,106.3,925.0,
2008-09-05,104.09,875.0,
2008-09-08,103.44,875.0,
2008-09-09,100.34,875.0,
2008-09-10,98.97,875.0,
2008-09-11,97.64,875.0,
2008-09-12,97.58,825.0,
2008-09-15,92.38,825.0,
2008-09-16,89.22,825.0,
2008-09-17,94.84,825.0,
2008-09-18,95.19,825.0,
2008-09-19,99.61,825.0,
2008-09-22,106.04,825.0,
2008-09-23,103.08,825.0,
2008-09-24,102.45,825.0,
2008-09-25,104.6,825.0,
2008-09-26,103.54,825.0,
2008-09-29,93.98,825.0,
2008-09-30,98.17,825.0,
2008-10-01,95.33,825.0,
2008-10-02,90.56,825.0,
2008-10-03,90.25,825.0,
2008-10-06,83.68,825.0,
2008-10-07,84.66,825.0,
2008-10-08,84.36,825.0,
2008-10-09,82.66,825.0,
2008-10-10,74.09,725.0,
2008-10-13,77.46,725.0,
2008-10-14,74.53,725.0,
2008-10-15,70.8,725.0,
2008-10-16,66.32,725.0,
2008-10-17,69.6,605.0,
2008-10-20,72.03,605.0,
2008-10-21,69.72,605.0,
2008-10-22,64.52,605.0,
2008-10-23,65.92,605.0,
2008-10-24,62.05,605.0,
2008-10-27,61.41,605.0,
2008-10-28,60.29,605.0,
2008-10-29,65.47,605.0,
2008-10-30,63.71,605.0,
2008-10-31,65.32,595.0,
2008-11-03,60.48,595.0,
2008-11-04,66.44,595.0,
2008-11-05,61.87,595.0,
2008-11-06,57.43,595.0,
2008-11-07,57.35,575.0,
2008-11-10,59.08,575.0,
2008-11-11,55.71,575.0,
2008-11-12,52.37,575.0,
2008-11-13,51.99,575.0,
2008-11-14,54.24,525.0,
2008-11-17,52.31,525.0,
2008-11-18,51.84,525.0,
2008-11-19,51.72,525.0,
2008-11-20,48.08,525.0,
2008-11-21,49.19,465.0,
2008-11-24,53.93,465.0,
2008-11-25,50.35,465.0,
2008-11-26,53.92,465.0,
2008-11-27,53.13,465.0,
2008-11-28,53.49,515.0,
2008-12-01,47.97,515.0,
2008-12-02,45.44,515.0,
2008-12-03,45.44,515.0,
2008-12-04,42.28,515.0,
2008-12-05,39.74,490.0,
2008-12-08,43.42,490.0,
2008-12-09,41.53,490.0,
2008-12-10,42.4,490.0,
2008-12-11,47.39,490.0,
2008-12-12,46.41,510.0,
2008-12-15,44.6,510.0,
2008-12-16,44.56,510.0,
2008-12-17,45.53,510.0,
2008-12-18,43.36,510.0,
2008-12-19,44.0,525.0,
2008-12-22,41.45,525.0,
2008-12-23,40.36,525.0,
2008-12-24,36.61,525.0,
2008-12-25,,525.0,
2008-12-26,38.37,525.0,
2008-12-27,,525.0,
2008-12-29,40.55,525.0,
2008-12-30,40.15,525.0,
2008-12-31,45.59,525.0,
2009-01-01,,525.0,
2009-01-02,46.91,525.0,
2009-01-05,49.62,525.0,
2009-01-06,50.53,525.0,
2009-01-07,45.86,525.0,
2009-01-08,44.67,525.0,
2009-01-09,44.42,580.0,
2009-01-12,42.91,580.0,
2009-01-13,44.83,580.0,
2009-01-14,45.08,580.0,
2009-01-15,44.69,580.0,
2009-01-16,46.57,580.0,
2009-01-19,44.5,580.0,
2009-01-20,43.62,580.0,
2009-01-21,45.02,580.0,
2009-01-22,45.39,580.0,
2009-01-23,48.37,580.0,
2009-01-26,46.96,580.0,
2009-01-27,43.73,580.0,
2009-01-28,44.9,580.0,
2009-01-29,45.4,580.0,
2009-01-30,45.88,580.0,
2009-02-02,43.82,580.0,
2009-02-03,44.08,580.0,
2009-02-04,44.15,580.0,
2009-02-05,46.46,580.0,
2009-02-06,46.21,585.0,
2009-02-09,46.02,585.0,
2009-02-10,44.61,585.0,
2009-02-11,44.28,585.0,
2009-02-12,44.65,585.0,
2009-02-13,44.81,575.0,
2009-02-16,43.28,575.0,
2009-02-17,41.03,575.0,
2009-02-18,39.55,575.0,
2009-02-19,41.99,575.0,
2009-02-20,41.89,505.0,
2009-02-23,40.99,505.0,
2009-02-24,42.5,505.0,
2009-02-25,44.29,505.0,
2009-02-26,46.51,505.0,
2009-02-27,46.35,505.0,
2009-03-02,42.21,505.0,
2009-03-03,43.7,505.0,
2009-03-04,46.12,505.0,
2009-03-05,43.64,505.0,
2009-03-06,44.85,495.0,
2009-03-09,44.13,495.0,
2009-03-10,43.96,495.0,
2009-03-11,41.4,495.0,
2009-03-12,45.09,495.0,
2009-03-13,44.93,505.0,
2009-03-16,43.98,505.0,
2009-03-17,48.24,505.0,
2009-03-18,47.66,505.0,
2009-03-19,50.67,505.0,
2009-03-20,51.22,505.0,
2009-03-23,53.47,505.0,
2009-03-24,53.5,505.0,
2009-03-25,51.75,505.0,
2009-03-26,53.46,505.0,
2009-03-27,51.98,490.0,
2009-03-30,47.99,490.0,
2009-03-31,49.23,490.0,
2009-04-01,48.44,490.0,
2009-04-02,52.75,490.0,
2009-04-03,53.47,490.0,
2009-04-06,52.24,490.0,
2009-04-07,51.22,490.0,
2009-04-08,51.59,490.0,
2009-04-09,54.06,490.0,
2009-04-10,,490.0,
2009-04-13,52.14,490.0,
2009-04-14,51.96,490.0,
2009-04-15,51.79,490.0,
2009-04-16,53.06,490.0,
2009-04-17,53.35,445.0,
2009-04-20,49.86,445.0,
2009-04-21,49.82,445.0,
2009-04-22,49.81,445.0,
2009-04-23,50.11,445.0,
2009-04-24,51.67,445.0,
2009-04-27,50.32,445.0,
2009-04-28,49.99,445.0,
2009-04-29,50.78,445.0,
2009-04-30,50.8,445.0,
2009-05-01,52.85,445.0,
2009-05-04,54.58,445.0,
2009-05-05,54.12,445.0,
2009-05-06,56.15,445.0,
2009-05-07,56.47,445.0,
2009-05-08,58.14,455.0,
2009-05-11,57.48,455.0,
2009-05-12,57.94,455.0,
2009-05-13,57.34,455.0,
2009-05-14,56.69,455.0,
2009-05-15,55.98,515.0,
2009-05-18,58.47,515.0,
2009-05-19,58.92,515.0,
2009-05-20,60.59,515.0,
2009-05-21,59.93,515.0,
2009-05-22,60.78,500.0,
2009-05-25,60.21,500.0,
2009-05-26,61.24,500.0,
2009-05-27,62.5,500.0,
2009-05-28,64.39,500.0,
2009-05-29,65.52,500.0,
2009-06-01,67.97,500.0,
2009-06-02,68.17,500.0,
2009-06-03,65.88,500.0,
2009-06-04,68.71,500.0,
2009-06-05,68.34,500.0,
2009-06-08,67.88,500.0,
2009-06-09,69.62,500.0,
2009-06-10,70.8,500.0,
2009-06-11,71.79,500.0,
2009-06-12,70.92,475.0,
2009-06-15,69.44,475.0,
2009-06-16,70.24,475.0,
2009-06-17,70.85,475.0,
2009-06-18,71.06,475.0,
2009-06-19,69.19,475.0,
2009-06-22,66.98,475.0,
2009-06-23,68.8,475.0,
2009-06-24,68.33,475.0,
2009-06-25,69.78,475.0,
2009-06-26,68.92,510.0,
2009-06-29,70.99,510.0,
2009-06-30,69.3,510.0,
2009-07-01,68.79,510.0,
2009-07-02,66.65,510.0,
2009-07-03,65.61,510.0,
2009-07-06,64.05,510.0,
2009-07-07,63.23,510.0,
2009-07-08,60.43,510.0,
2009-07-09,61.1,510.0,
2009-07-10,60.52,515.0,
2009-07-13,60.69,515.0,
2009-07-14,60.86,515.0,
2009-07-15,63.09,515.0,
2009-07-16,62.75,515.0,
2009-07-17,65.38,520.0,
2009-07-20,66.44,520.0,
2009-07-21,66.87,520.0,
2009-07-22,67.21,520.0,
2009-07-23,69.25,520.0,
2009-07-24,70.32,565.0,
2009-07-27,70.81,565.0,
2009-07-28,69.88,565.0,
2009-07-29,66.53,565.0,
2009-07-30,70.11,565.0,
2009-07-31,71.7,565.0,
2009-08-03,73.55,565.0,
2009-08-04,74.28,565.0,
2009-08-05,75.51,565.0,
2009-08-06,74.83,565.0,
2009-08-07,73.59,600.0,
2009-08-10,73.5,600.0,
2009-08-11,72.46,600.0,
2009-08-12,72.89,600.0,
2009-08-13,73.48,600.0,
2009-08-14,72.41,607.5,
2009-08-17,70.54,607.5,
2009-08-18,72.37,607.5,
2009-08-19,74.59,607.5,
2009-08-20,73.33,607.5,
2009-08-21,74.19,542.5,
2009-08-24,74.26,542.5,
2009-08-25,71.82,542.5,
2009-08-26,71.65,542.5,
2009-08-27,72.51,542.5,
2009-08-28,72.79,550.0,
2009-08-31,69.65,550.0,
2009-09-01,67.73,550.0,
2009-09-02,67.66,550.0,
2009-09-03,67.12,550.0,
2009-09-04,66.82,535.0,
2009-09-07,66.53,535.0,
2009-09-08,69.42,535.0,
2009-09-09,69.83,535.0,
2009-09-10,69.86,535.0,
2009-09-11,67.69,535.0,
2009-09-14,67.44,535.0,
2009-09-15,67.35,535.0,
2009-09-16,71.67,535.0,
2009-09-17,71.55,535.0,
2009-09-18,71.32,520.0,
2009-09-21,68.69,520.0,
2009-09-22,70.53,520.0,
2009-09-23,67.99,520.0,
2009-09-24,64.82,520.0,
2009-09-25,65.11,505.0,
2009-09-28,65.54,505.0,
2009-09-29,65.49,505.0,
2009-09-30,69.07,505.0,
2009-10-01,69.19,505.0,
2009-10-02,68.07,470.0,
2009-10-05,68.04,470.0,
2009-10-06,68.56,470.0,
2009-10-07,67.2,470.0,
2009-10-08,69.77,470.0,
2009-10-09,70.0,470.0,
2009-10-12,71.36,470.0,
2009-10-13,72.4,470.0,
2009-10-14,73.1,470.0,
2009-10-15,74.45,470.0,
2009-10-16,76.99,470.0,
2009-10-19,77.77,470.0,
2009-10-20,77.24,470.0,
2009-10-21,79.69,470.0,
2009-10-22,79.51,470.0,
2009-10-23,78.92,470.0,
2009-10-26,77.26,470.0,
2009-10-27,77.92,470.0,
2009-10-28,75.86,470.0,
2009-10-29,78.04,470.0,
2009-10-30,75.2,490.0,
2009-11-02,76.55,490.0,
2009-11-03,78.11,490.0,
2009-11-04,78.89,490.0,
2009-11-05,77.99,490.0,
2009-11-06,75.87,470.0,
2009-11-09,77.77,470.0,
2009-11-10,77.5,470.0,
2009-11-11,77.95,470.0,
2009-11-12,76.02,470.0,
2009-11-13,75.55,500.0,
2009-11-16,78.76,500.0,
2009-11-17,78.97,500.0,
2009-11-18,79.47,500.0,
2009-11-19,77.64,500.0,
2009-11-20,77.2,505.0,
2009-11-23,77.46,505.0,
2009-11-24,76.46,505.0,
2009-11-25,78.44,505.0,
2009-11-26,76.99,505.0,
2009-11-27,77.18,510.0,
2009-11-30,78.47,510.0,
2009-12-01,79.35,510.0,
2009-12-02,77.88,510.0,
2009-12-03,78.36,510.0,
2009-12-04,77.52,510.0,
2009-12-07,76.43,510.0,
2009-12-08,75.19,510.0,
2009-12-09,72.39,510.0,
2009-12-10,71.86,510.0,
2009-12-11,71.88,515.0,
2009-12-14,71.89,515.0,
2009-12-15,72.05,515.0,
2009-12-16,73.55,515.0,
2009-12-17,73.37,515.0,
2009-12-18,73.75,527.5,
2009-12-21,72.99,527.5,
2009-12-22,73.46,527.5,
2009-12-23,75.45,527.5,
2009-12-24,76.31,527.5,
2009-12-25,,527.5,
2009-12-28,77.32,527.5,
2009-12-29,77.64,527.5,
2009-12-30,78.03,527.5,
2009-12-31,77.93,527.5,
2010-01-01,,527.5,2225.25
2010-01-04,80.12,527.5,2225.25
2010-01-05,80.59,527.5,2246.5
2010-01-06,81.89,527.5,2302.5
2010-01-07,81.51,527.5,2306.5
2010-01-08,81.37,552.5,2261.25
2010-01-11,80.97,552.5,2320.25
2010-01-12,79.3,552.5,2260.25
2010-01-13,78.31,552.5,2250.25
2010-01-14,77.82,552.5,2292.75
2010-01-15,77.11,555.0,2281.5
2010-01-18,77.1,555.0,2292.25
2010-01-19,77.63,555.0,2243.25
2010-01-20,76.32,555.0,2243.25
2010-01-21,74.58,555.0,2229.25
2010-01-22,72.83,550.0,2189.25
2010-01-25,73.69,550.0,2217.25
2010-01-26,73.29,550.0,2189.25
2010-01-27,72.24,550.0,2148.75
2010-01-28,72.13,550.0,2125.75
2010-01-29,71.46,542.5,2061.25
2010-02-01,73.11,542.5,2046.25
2010-02-02,76.06,542.5,2074.75
2010-02-03,75.92,542.5,2086.25
2010-02-04,72.13,542.5,2051.75
2010-02-05,69.59,535.0,1948.5
2010-02-08,70.11,535.0,1973.75
2010-02-09,72.13,535.0,2002.25
2010-02-10,72.54,535.0,2022.25
2010-02-11,73.05,535.0,2012.25
2010-02-12,72.9,535.0,2004.25
2010-02-15,72.51,535.0,2032.5
2010-02-16,75.68,535.0,2050.5
2010-02-17,76.27,535.0,2094.5
2010-02-18,77.78,535.0,2076.5
2010-02-19,78.19,535.0,2071.5
2010-02-22,78.61,535.0,2115.5
2010-02-23,77.25,535.0,2117.25
2010-02-24,78.09,535.0,2078.5
2010-02-25,76.29,535.0,2062.25
2010-02-26,77.59,565.0,2050.25
2010-03-01,76.89,565.0,2100.5
2010-03-02,78.18,565.0,2107.5
2010-03-03,79.25,565.0,2107.5
2010-03-04,78.54,565.0,2202.75
2010-03-05,79.89,582.5,2200.5
2010-03-08,80.47,582.5,2223.75
2010-03-09,79.91,582.5,2200.25
2010-03-10,80.48,582.5,2232.5
2010-03-11,80.28,582.5,2194.5
2010-03-12,79.39,605.0,2215.5
2010-03-15,77.89,605.0,2207.5
2010-03-16,79.02,605.0,2213.0
2010-03-17,81.96,605.0,2242.25
2010-03-18,81.48,605.0,2243.5
2010-03-19,79.88,635.0,2232.5
2010-03-22,80.54,635.0,2192.25
2010-03-23,80.7,635.0,2230.5
2010-03-24,79.62,635.0,2194.25
2010-03-25,79.61,635.0,2175.5
2010-03-26,79.29,645.0,2199.0
2010-03-29,81.17,645.0,2224.75
2010-03-30,81.28,645.0,2267.25
2010-03-31,82.7,645.0,2287.5
2010-04-01,84.01,645.0,2329.5
2010-04-02,,645.0,2327.25
2010-04-05,85.88,645.0,2327.25
2010-04-06,86.15,645.0,2327.25
2010-04-07,85.59,645.0,2323.5
2010-04-08,84.81,645.0,2295.25
2010-04-09,84.83,682.5,2357.25
2010-04-12,84.77,682.5,2380.75
2010-04-13,84.72,682.5,2368.75
2010-04-14,86.15,682.5,2419.25
2010-04-15,87.17,682.5,2423.5
2010-04-16,85.99,695.0,2447.25
2010-04-19,84.23,695.0,2338.75
2010-04-20,84.8,695.0,2383.5
2010-04-21,85.7,695.0,2326.25
2010-04-22,85.67,695.0,2293.25
2010-04-23,87.25,705.0,2265.25
2010-04-26,86.83,705.0,2293.25
2010-04-27,85.78,705.0,2262.0
2010-04-28,86.16,705.0,2114.75
2010-04-29,86.9,705.0,2114.75
2010-04-30,87.44,705.0,2183.5
2010-05-03,88.94,705.0,2163.5
2010-05-04,85.67,705.0,2163.5
2010-05-05,82.61,705.0,2094.5
2010-05-06,79.83,705.0,2094.5
2010-05-07,78.27,692.5,2094.5
2010-05-10,80.12,692.5,2104.0
2010-05-11,80.49,692.5,2027.5
2010-05-12,81.2,692.5,2100.25
2010-05-13,80.11,692.5,2116.25
2010-05-14,77.18,680.0,2080.5
2010-05-17,75.1,680.0,2080.5
2010-05-18,74.43,680.0,2005.25
2010-05-19,73.69,680.0,1968.5
2010-05-20,71.84,680.0,1946.75
2010-05-21,71.68,660.0,1990.75
2010-05-24,71.17,660.0,2008.5
2010-05-25,69.55,660.0,1980.25
2010-05-26,71.74,660.0,2010.25
2010-05-27,74.66,660.0,2003.25
2010-05-28,74.02,645.0,2036.5
2010-05-31,74.65,645.0,1952.5
2010-06-01,72.71,645.0,1952.5
2010-06-02,73.75,645.0,1953.75
2010-06-03,75.41,645.0,1950.75
2010-06-04,72.09,607.5,1915.25
2010-06-07,72.12,607.5,1828.25
2010-06-08,72.3,607.5,1850.25
2010-06-09,74.27,607.5,1910.75
2010-06-10,75.29,607.5,1906.0
2010-06-11,74.35,600.0,1931.75
2010-06-14,75.2,600.0,1945.25
2010-06-15,76.2,600.0,1964.75
2010-06-16,78.14,600.0,1967.25
2010-06-17,78.68,600.0,1950.25
2010-06-18,78.22,600.0,1930.5
2010-06-21,78.82,600.0,1968.25
2010-06-22,78.04,600.0,1900.75
2010-06-23,76.27,600.0,1921.5
2010-06-24,76.47,600.0,1908.25
2010-06-25,78.12,635.0,1945.5
2010-06-28,77.59,635.0,1995.0
2010-06-29,75.44,635.0,1962.25
2010-06-30,75.01,635.0,1923.75
2010-07-01,72.34,635.0,1927.75
2010-07-02,71.65,605.0,1932.5
2010-07-05,71.47,605.0,1911.0
2010-07-06,71.45,605.0,1945.5
2010-07-07,73.51,605.0,1954.25
2010-07-08,74.71,605.0,1976.5
2010-07-09,75.42,602.5,1970.25
2010-07-12,74.37,602.5,1966.5
2010-07-13,76.65,602.5,1947.5
2010-07-14,76.77,602.5,2003.25
2010-07-15,76.19,602.5,1990.75
2010-07-16,75.37,595.0,2008.25
2010-07-19,75.62,595.0,1946.75
2010-07-20,76.22,595.0,1930.25
2010-07-21,75.37,595.0,1975.0
2010-07-22,77.82,595.0,2006.25
2010-07-23,77.45,612.5,2008.25
2010-07-26,77.5,612.5,2020.5
2010-07-27,76.13,612.5,2042.5
2010-07-28,76.06,612.5,2058.75
2010-07-29,77.59,612.5,2082.5
2010-07-30,78.18,625.0,2126.5
2010-08-02,80.82,625.0,2184.0
2010-08-03,82.68,625.0,2199.5
2010-08-04,82.2,625.0,2200.75
2010-08-05,81.61,625.0,2200.75
2010-08-06,80.16,627.5,2216.5
2010-08-09,80.99,627.5,2200.75
2010-08-10,79.6,627.5,2144.5
2010-08-11,77.64,627.5,2150.5
2010-08-12,75.52,627.5,2131.25
2010-08-13,75.11,645.0,2142.5
2010-08-16,74.85,645.0,2120.5
2010-08-17,76.93,645.0,2134.5
2010-08-18,76.47,645.0,2145.5
2010-08-19,75.3,645.0,2093.5
2010-08-20,74.26,635.0,2093.5
2010-08-23,73.62,635.0,2058.0
2010-08-24,72.38,635.0,2038.25
2010-08-25,73.48,635.0,2015.5
2010-08-26,75.02,635.0,1998.25
2010-08-27,76.65,622.5,1996.25
2010-08-30,76.6,622.5,2044.5
2010-08-31,74.64,622.5,2044.5
2010-09-01,76.35,622.5,2058.75
2010-09-02,76.93,622.5,2104.5
2010-09-03,76.67,615.0,2128.25
2010-09-06,76.87,615.0,2128.25
2010-09-07,77.74,615.0,2109.75
2010-09-08,78.17,615.0,2120.25
2010-09-09,77.47,615.0,2082.25
2010-09-10,78.16,625.0,2083.25
2010-09-13,79.03,625.0,2107.5
2010-09-14,79.16,625.0,2101.0
2010-09-15,78.91,625.0,2117.25
2010-09-16,78.48,625.0,2131.5
2010-09-17,78.21,635.0,2155.5
2010-09-20,79.32,635.0,2173.5
2010-09-21,78.42,635.0,2166.5
2010-09-22,77.95,635.0,2166.5
2010-09-23,78.11,635.0,2233.25
2010-09-24,78.87,635.0,2271.5
2010-09-27,78.57,635.0,2281.25
2010-09-28,78.71,635.0,2224.5
2010-09-29,80.77,635.0,2293.25
2010-09-30,82.31,635.0,2313.5
2010-10-01,83.75,590.0,2344.5
2010-10-04,83.28,590.0,2331.5
2010-10-05,84.84,590.0,2334.5
2010-10-06,85.06,590.0,2334.5
2010-10-07,83.43,590.0,2342.75
2010-10-08,84.03,597.5,2320.5
2010-10-11,83.72,597.5,2390.5
2010-10-12,83.5,597.5,2385.25
2010-10-13,84.64,597.5,2389.0
2010-10-14,84.53,597.5,2401.75
2010-10-15,82.45,590.0,2367.5
2010-10-18,84.37,590.0,2348.25
2010-10-19,81.1,590.0,2356.25
2010-10-20,83.6,590.0,2324.0
2010-10-21,81.83,590.0,2347.5
2010-10-22,82.96,600.0,2326.25
2010-10-25,83.54,600.0,2361.5
2010-10-26,83.66,600.0,2331.5
2010-10-27,83.23,600.0,2321.5
2010-10-28,83.59,600.0,2307.5
2010-10-29,83.15,600.0,2301.0
2010-11-01,84.62,600.0,2368.75
2010-11-02,85.41,600.0,2385.5
2010-11-03,86.38,600.0,2401.25
2010-11-04,88.0,600.0,2440.75
2010-11-05,88.11,615.0,2437.5
2010-11-08,88.46,615.0,2413.5
2010-11-09,88.33,615.0,2425.5
2010-11-10,88.96,615.0,2430.25
2010-11-11,88.81,615.0,2445.5
2010-11-12,86.34,620.0,2433.75
2010-11-15,86.7,620.0,2349.75
2010-11-16,84.73,620.0,2329.25
2010-11-17,83.28,620.0,2224.5
2010-11-18,85.05,620.0,2262.5
2010-11-19,84.34,612.5,2259.5
2010-11-22,83.96,612.5,2265.25
2010-11-23,83.25,612.5,2220.75
2010-11-24,85.84,612.5,2241.5
2010-11-25,86.1,612.5,2241.5
2010-11-26,85.58,615.0,2238.25
2010-11-27,,615.0,
2010-11-29,87.34,615.0,2256.5
2010-11-30,85.92,615.0,2244.75
2010-12-01,88.87,615.0,2289.75
2010-12-02,90.69,615.0,2325.75
2010-12-03,91.42,615.0,2323.0
2010-12-06,91.45,615.0,2278.25
2010-12-07,91.39,615.0,2325.25
2010-12-08,90.77,615.0,2295.75
2010-12-09,90.99,615.0,2347.5
2010-12-10,90.48,625.0,2315.5
2010-12-13,91.19,625.0,2297.5
2010-12-14,91.21,625.0,2331.5
2010-12-15,92.2,625.0,2331.5
2010-12-16,91.71,625.0,2295.5
2010-12-17,91.67,625.0,2306.25
2010-12-20,92.74,625.0,2327.25
2010-12-21,93.2,625.0,2377.75
2010-12-22,93.65,625.0,2443.75
2010-12-23,94.25,625.0,2420.5
2010-12-24,93.77,625.0,2401.5
2010-12-27,93.85,625.0,2436.25
2010-12-28,94.38,625.0,2436.25
2010-12-29,94.14,625.0,2436.25
2010-12-30,93.09,625.0,2449.75
2010-12-31,94.75,625.0,2458.5
2011-01-03,94.84,625.0,2471.5
2011-01-04,93.53,625.0,2471.5
2011-01-05,95.5,625.0,2445.0
2011-01-06,94.52,625.0,2469.75
2011-01-07,93.33,665.0,2492.0
2011-01-10,95.7,665.0,2465.5
2011-01-11,97.61,665.0,2488.5
2011-01-12,98.12,665.0,2484.25
2011-01-13,98.06,665.0,2479.25
2011-01-14,98.68,675.0,2452.5
2011-01-17,97.43,675.0,2438.5
2011-01-18,97.8,675.0,2444.25
2011-01-19,98.16,675.0,2444.25
2011-01-20,96.58,675.0,2373.25
2011-01-21,97.6,695.0,2389.5
2011-01-24,96.61,695.0,2394.75
2011-01-25,95.25,695.0,2359.5
2011-01-26,97.91,695.0,2362.75
2011-01-27,97.39,695.0,2390.5
2011-01-28,99.42,705.0,2454.5
2011-01-31,101.01,705.0,2454.5
2011-02-01,101.74,705.0,2530.5
2011-02-02,102.34,705.0,2522.25
2011-02-03,101.76,705.0,2515.5
2011-02-04,99.83,705.0,2523.25
2011-02-07,99.25,705.0,2539.0
2011-02-08,99.92,705.0,2519.5
2011-02-09,101.82,705.0,2537.5
2011-02-10,100.87,705.0,2503.25
2011-02-11,101.43,765.0,2490.25
2011-02-14,103.08,765.0,2484.5
2011-02-15,101.64,765.0,2482.25
2011-02-16,103.78,765.0,2476.25
2011-02-17,102.59,765.0,2473.75
2011-02-18,102.52,770.0,2508.5
2011-02-21,105.74,770.0,2531.5
2011-02-22,105.78,770.0,2477.0
2011-02-23,111.25,770.0,2489.25
2011-02-24,111.36,770.0,2490.75
2011-02-25,112.14,765.0,2529.0
2011-02-28,111.8,765.0,2531.25
2011-03-01,115.42,765.0,2581.5
2011-03-02,116.35,765.0,2554.75
2011-03-03,114.79,765.0,2578.5
2011-03-04,115.97,735.0,2587.5
2011-03-07,115.04,735.0,2565.75
2011-03-08,113.06,735.0,2534.75
2011-03-09,115.94,735.0,2579.25
2011-03-10,115.43,735.0,2546.25
2011-03-11,113.84,685.0,2490.5
2011-03-14,113.67,685.0,2499.5
2011-03-15,108.52,685.0,2473.5
2011-03-16,110.62,685.0,2467.5
2011-03-17,114.9,685.0,2475.25
2011-03-18,113.93,715.0,2507.5
2011-03-21,114.96,715.0,2536.25
2011-03-22,115.7,715.0,2548.25
2011-03-23,115.55,715.0,2600.25
2011-03-24,115.72,715.0,2595.75
2011-03-25,115.59,717.5,2608.25
2011-03-28,114.8,717.5,2584.0
2011-03-29,115.16,717.5,2591.5
2011-03-30,115.13,717.5,2595.0
2011-03-31,117.36,717.5,2599.0
2011-04-01,118.7,725.0,2589.25
2011-04-04,121.06,725.0,2610.25
2011-04-05,122.22,725.0,2592.5
2011-04-06,122.3,725.0,2625.75
2011-04-07,122.67,725.0,2659.75
2011-04-08,126.65,710.0,2659.75
2011-04-11,123.98,710.0,2653.25
2011-04-12,120.92,710.0,2634.0
2011-04-13,122.88,710.0,2634.0
2011-04-14,122.36,710.0,2617.25
2011-04-15,123.45,715.0,2637.75
2011-04-18,121.61,715.0,2658.5
2011-04-19,121.33,715.0,2660.25
2011-04-20,123.85,715.0,2713.5
2011-04-21,123.99,720.0,2731.25
2011-04-22,,720.0,2720.5
2011-04-25,123.66,720.0,2720.5
2011-04-26,124.14,720.0,2720.5
2011-04-27,125.13,720.0,2739.5
2011-04-28,125.02,692.5,2771.75
2011-04-29,125.89,692.5,2740.25
2011-05-02,125.12,692.5,2740.25
2011-05-03,122.45,692.5,2740.25
2011-05-04,121.19,692.5,2753.25
2011-05-05,110.8,692.5,2680.5
2011-05-06,109.13,690.0,2609.25
2011-05-09,115.9,690.0,2619.5
2011-05-10,117.63,690.0,2649.5
2011-05-11,112.57,690.0,2618.25
2011-05-12,112.98,690.0,2600.5
2011-05-13,113.83,695.0,2647.75
2011-05-16,112.73,695.0,2576.5
2011-05-17,109.99,695.0,2524.5
2011-05-18,112.3,695.0,2510.5
2011-05-19,111.42,695.0,2516.0
2011-05-20,112.39,712.5,2494.75
2011-05-23,110.1,712.5,2468.25
2011-05-24,112.53,712.5,2499.5
2011-05-25,114.93,712.5,2539.75
2011-05-26,115.05,712.5,2539.75
2011-05-27,115.03,712.5,2597.5
2011-05-30,114.68,712.5,2648.5
2011-05-31,116.73,712.5,2648.5
2011-06-01,114.53,712.5,2652.75
2011-06-02,115.54,712.5,2631.5
2011-06-03,115.84,700.0,2609.25
2011-06-06,114.48,700.0,2626.75
2011-06-07,116.78,700.0,2664.25
2011-06-08,117.85,700.0,2645.0
2011-06-09,119.57,700.0,2625.25
2011-06-10,118.78,700.0,2604.5
2011-06-13,119.1,700.0,2559.75
2011-06-14,120.16,700.0,2575.25
2011-06-15,117.1,700.0,2578.25
2011-06-16,114.02,700.0,2515.25
2011-06-17,113.21,685.0,2518.5
2011-06-20,111.69,685.0,2490.5
2011-06-21,110.95,685.0,2519.5
2011-06-22,114.21,685.0,2519.5
2011-06-23,107.26,685.0,2476.0
2011-06-24,105.12,685.0,2465.25
2011-06-27,105.99,685.0,2466.25
2011-06-28,108.78,685.0,2488.75
2011-06-29,112.4,685.0,2491.25
2011-06-30,112.48,685.0,2508.5
2011-07-01,111.77,685.0,2485.75
2011-07-04,111.39,685.0,2460.25
2011-07-05,113.61,685.0,2485.25
2011-07-06,113.62,685.0,2516.5
2011-07-07,118.59,685.0,2528.75
2011-07-08,118.33,685.0,2545.25
2011-07-11,117.24,685.0,2451.5
2011-07-12,117.75,685.0,2443.5
2011-07-13,118.78,685.0,2450.25
2011-07-14,118.32,685.0,2476.5
2011-07-15,117.26,685.0,2449.5
2011-07-18,116.05,685.0,2444.25
2011-07-19,117.06,685.0,2481.75
2011-07-20,118.15,685.0,2514.5
2011-07-21,117.51,685.0,2473.5
2011-07-22,118.67,692.5,2547.75
2011-07-25,117.94,692.5,2572.5
2011-07-26,118.28,692.5,2612.5
2011-07-27,117.43,692.5,2622.25
2011-07-28,117.36,692.5,2600.5
2011-07-29,116.74,695.0,2581.0
2011-08-01,116.81,695.0,2605.25
2011-08-02,116.46,695.0,2540.5
2011-08-03,113.23,695.0,2529.5
2011-08-04,107.25,695.0,2472.5
2011-08-05,109.37,702.5,2427.5
2011-08-08,103.74,702.5,2404.75
2011-08-09,102.57,702.5,2390.25
2011-08-10,106.68,702.5,2408.5
2011-08-11,108.02,702.5,2367.25
2011-08-12,108.03,705.0,2378.5
2011-08-15,109.91,705.0,2345.25
2011-08-16,109.47,705.0,2338.25
2011-08-17,110.6,705.0,2347.0
2011-08-18,106.99,705.0,2371.0
2011-08-19,108.62,705.0,2308.5
2011-08-22,108.36,705.0,2324.75
2011-08-23,109.31,705.0,2321.75
2011-08-24,110.15,705.0,2321.75
2011-08-25,110.62,705.0,2333.5
2011-08-26,111.36,705.0,2328.75
2011-08-29,111.88,705.0,2360.5
2011-08-30,114.02,705.0,2360.5
2011-08-31,114.85,705.0,2402.25
2011-09-01,114.29,705.0,2401.0
2011-09-02,112.33,705.0,2399.5
2011-09-05,110.08,705.0,2363.25
2011-09-06,112.89,705.0,2345.75
2011-09-07,115.8,705.0,2355.0
2011-09-08,114.55,705.0,2365.5
2011-09-09,112.77,715.0,2342.5
2011-09-12,112.25,715.0,2318.75
2011-09-13,111.89,715.0,2354.25
2011-09-14,112.4,715.0,2329.25
2011-09-15,115.34,715.0,2338.5
2011-09-16,112.22,715.0,2345.5
2011-09-19,109.14,715.0,2309.5
2011-09-20,110.54,715.0,2303.75
2011-09-21,110.36,715.0,2266.25
2011-09-22,105.49,715.0,2224.75
2011-09-23,103.97,692.5,2169.75
2011-09-26,103.94,692.5,2195.25
2011-09-27,107.14,692.5,2193.5
2011-09-28,103.81,692.5,2205.25
2011-09-29,103.95,692.5,2185.5
2011-09-30,102.76,692.5,2206.5
2011-10-03,101.71,692.5,2120.0
2011-10-04,99.79,692.5,2132.5
2011-10-05,102.73,692.5,2131.75
2011-10-06,105.73,692.5,2169.75
2011-10-07,105.88,692.5,2176.25
2011-10-10,108.95,692.5,2185.5
2011-10-11,110.73,692.5,2184.5
2011-10-12,111.36,692.5,2202.25
2011-10-13,111.11,692.5,2177.75
2011-10-14,114.68,682.5,2170.5
2011-10-17,110.16,682.5,2209.0
2011-10-18,111.15,682.5,2157.25
2011-10-19,108.39,682.5,2171.25
2011-10-20,109.76,682.5,2121.25
2011-10-21,109.56,615.0,2109.75
2011-10-24,111.45,615.0,2158.25
2011-10-25,110.92,615.0,2194.5
2011-10-26,108.91,615.0,2195.25
2011-10-27,112.08,615.0,2233.75
2011-10-28,109.91,615.0,2221.25
2011-10-31,109.56,615.0,2186.5
2011-11-01,109.54,615.0,2091.5
2011-11-02,109.34,615.0,2103.25
2011-11-03,110.83,615.0,2123.25
2011-11-04,111.97,605.0,2130.0
2011-11-07,114.56,605.0,2117.5
2011-11-08,115.0,605.0,2092.5
2011-11-09,112.31,605.0,2108.5
2011-11-10,113.71,605.0,2111.75
2011-11-11,114.16,602.5,2115.25
2011-11-14,111.89,602.5,2143.5
2011-11-15,112.39,602.5,2117.25
2011-11-16,111.88,602.5,2097.25
2011-11-17,108.22,602.5,2084.0
2011-11-18,107.56,607.5,2085.25
2011-11-21,106.88,607.5,2074.75
2011-11-22,109.03,607.5,2058.75
2011-11-23,107.02,607.5,2058.75
2011-11-24,107.78,607.5,2002.25
2011-11-25,106.4,607.5,1987.0
2011-11-28,109.0,607.5,2006.25
2011-11-29,110.82,607.5,1990.5
2011-11-30,110.52,607.5,1976.75
2011-12-01,108.99,607.5,2103.25
2011-12-02,109.94,607.5,2139.5
2011-12-05,109.81,607.5,2105.25
2011-12-06,110.81,607.5,2103.25
2011-12-07,109.53,607.5,2101.75
2011-12-08,108.11,607.5,2059.25
2011-12-09,108.62,612.5,2066.25
2011-12-12,107.26,612.5,2026.25
2011-12-13,109.5,612.5,2020.5
2011-12-14,105.02,612.5,1975.75
2011-12-15,105.09,612.5,1982.25
2011-12-16,103.35,610.0,2003.25
2011-12-19,103.64,610.0,1955.25
2011-12-20,106.73,610.0,1970.5
2011-12-21,107.71,610.0,1944.75
2011-12-22,107.89,610.0,1965.25
2011-12-23,107.96,610.0,1991.25
2011-12-26,,610.0,1970.25
2011-12-27,109.27,610.0,1970.25
2011-12-28,107.56,610.0,1970.25
2011-12-29,108.01,610.0,1975.5
2011-12-30,107.38,610.0,1970.25
2012-01-02,,610.0,2005.75
2012-01-03,112.13,610.0,2005.75
2012-01-04,113.7,610.0,2051.5
2012-01-05,112.74,610.0,2003.25
2012-01-06,113.06,607.5,2019.5
2012-01-09,112.45,607.5,2061.25
2012-01-10,113.28,607.5,2137.5
2012-01-11,112.24,607.5,2134.25
2012-01-12,111.26,607.5,2157.25
2012-01-13,110.44,612.5,2109.75
2012-01-16,111.2,612.5,2120.5
2012-01-17,111.53,612.5,2171.25
2012-01-18,110.66,612.5,2174.5
2012-01-19,111.55,612.5,2180.75
2012-01-20,109.86,625.0,2183.5
2012-01-23,110.58,625.0,2193.25
2012-01-24,110.03,625.0,2190.25
2012-01-25,109.81,625.0,2185.75
2012-01-26,110.79,625.0,2231.75
2012-01-27,111.46,625.0,2241.25
2012-01-30,110.75,625.0,2210.25
2012-01-31,110.98,625.0,2257.25
2012-02-01,111.56,625.0,2219.25
2012-02-02,112.07,625.0,2200.5
2012-02-03,114.58,630.0,2158.5
2012-02-06,115.93,630.0,2175.25
2012-02-07,116.23,630.0,2172.5
2012-02-08,117.2,630.0,2236.25
2012-02-09,118.59,630.0,2232.25
2012-02-10,117.31,632.5,2218.25
2012-02-13,117.93,632.5,2207.25
2012-02-14,118.16,632.5,2163.0
2012-02-15,118.93,632.5,2173.5
2012-02-16,120.11,632.5,2116.75
2012-02-17,119.58,640.0,2127.25
2012-02-20,120.05,640.0,2130.0
2012-02-21,121.66,640.0,2175.25
2012-02-22,122.9,640.0,2211.5
2012-02-23,123.62,640.0,2228.75
2012-02-24,125.47,642.5,2252.75
2012-02-27,124.17,642.5,2266.75
2012-02-28,121.55,642.5,2307.75
2012-02-29,122.66,642.5,2301.25
2012-03-01,126.2,642.5,2288.5
2012-03-02,123.65,645.0,2295.25
2012-03-05,123.8,645.0,2253.25
2012-03-06,121.98,645.0,2202.25
2012-03-07,124.12,645.0,2172.5
2012-03-08,125.44,645.0,2174.75
2012-03-09,125.98,645.0,2169.75
2012-03-12,125.34,645.0,2166.25
2012-03-13,126.22,645.0,2187.25
2012-03-14,124.97,645.0,2196.25
2012-03-15,123.55,645.0,2195.25
2012-03-16,125.81,650.0,2222.0
2012-03-19,125.71,650.0,2218.75
2012-03-20,124.12,650.0,2218.75
2012-03-21,124.2,650.0,2192.25
2012-03-22,123.14,650.0,2139.25
2012-03-23,125.13,650.0,2130.75
2012-03-26,125.65,650.0,2136.75
2012-03-27,125.54,650.0,2132.75
2012-03-28,124.16,650.0,2137.75
2012-03-29,122.39,650.0,2107.0
2012-03-30,122.88,647.5,2098.25
2012-04-02,125.43,647.5,2081.25
2012-04-03,124.86,647.5,2090.5
2012-04-04,122.34,647.5,2059.25
2012-04-05,123.43,647.5,2053.5
2012-04-06,,647.5,2050.25
2012-04-09,122.67,647.5,2050.25
2012-04-10,119.88,647.5,2050.25
2012-04-11,120.18,647.5,2035.75
2012-04-12,121.71,647.5,2069.5
2012-04-13,121.83,645.0,2045.75
2012-04-16,118.68,645.0,2026.5
2012-04-17,118.78,645.0,2040.25
2012-04-18,117.97,645.0,2028.25
2012-04-19,118.0,645.0,2016.25
2012-04-20,118.76,647.5,2034.25
2012-04-23,118.71,647.5,2034.25
2012-04-24,118.16,647.5,2029.5
2012-04-25,119.12,647.5,2039.75
2012-04-26,119.92,647.5,2040.25
2012-04-27,119.83,645.0,2068.0
2012-04-30,119.47,645.0,2057.5
2012-05-01,119.66,645.0,2066.5
2012-05-02,118.2,645.0,2064.25
2012-05-03,116.08,645.0,2047.25
2012-05-04,113.18,635.0,2047.75
2012-05-07,113.16,635.0,2025.75
2012-05-08,112.73,635.0,2025.75
2012-05-09,113.2,635.0,1986.75
2012-05-10,112.73,635.0,2003.25
2012-05-11,112.26,632.5,1991.75
2012-05-14,111.57,632.5,1981.5
2012-05-15,112.24,632.5,1979.0
2012-05-16,111.71,632.5,1994.25
2012-05-17,107.49,632.5,1986.75
2012-05-18,107.14,627.5,2016.25
2012-05-21,108.81,627.5,2003.75
2012-05-22,108.41,627.5,1996.25
2012-05-23,105.56,627.5,1974.75
2012-05-24,106.55,627.5,1968.5
2012-05-25,106.83,615.0,1979.25
2012-05-28,107.11,615.0,1980.25
2012-05-29,106.68,615.0,1979.25
2012-05-30,103.47,615.0,1957.25
2012-05-31,101.87,615.0,1973.25
2012-06-01,98.43,610.0,1936.5
2012-06-04,98.85,610.0,1944.75
2012-06-05,98.84,610.0,1944.75
2012-06-06,100.64,610.0,1944.75
2012-06-07,99.93,610.0,1946.75
2012-06-08,99.47,605.0,1938.25
2012-06-11,98.0,605.0,1943.25
2012-06-12,97.14,605.0,1925.75
2012-06-13,97.13,605.0,1923.75
2012-06-14,97.03,605.0,1924.25
2012-06-15,97.61,605.0,1914.25
2012-06-18,96.05,605.0,1881.75
2012-06-19,95.76,605.0,1878.25
2012-06-20,92.69,605.0,1879.25
2012-06-21,89.23,605.0,1841.75
2012-06-22,90.98,605.0,1823.25
2012-06-25,91.01,605.0,1816.75
2012-06-26,93.02,605.0,1810.25
2012-06-27,93.5,605.0,1810.25
2012-06-28,91.36,605.0,1832.25
2012-06-29,97.8,595.0,1834.25
2012-07-02,97.34,595.0,1866.75
2012-07-03,100.68,595.0,1910.5
2012-07-04,99.77,595.0,1929.75
2012-07-05,100.7,595.0,1914.25
2012-07-06,98.19,585.0,1887.5
2012-07-09,100.32,585.0,1876.25
2012-07-10,97.97,585.0,1889.5
2012-07-11,100.23,585.0,1872.25
2012-07-12,101.07,585.0,1835.25
2012-07-13,102.4,580.0,1861.25
2012-07-16,103.55,580.0,1861.25
2012-07-17,104.0,580.0,1888.25
2012-07-18,105.16,580.0,1868.25
2012-07-19,107.8,580.0,1908.75
2012-07-20,106.83,567.5,1894.25
2012-07-23,103.26,567.5,1835.25
2012-07-24,103.42,567.5,1839.75
2012-07-25,104.38,567.5,1846.5
2012-07-26,105.26,567.5,1865.25
2012-07-27,106.47,560.0,1859.75
2012-07-30,106.2,560.0,1851.25
2012-07-31,104.92,560.0,1862.25
2012-08-01,105.96,560.0,1843.75
2012-08-02,105.9,560.0,1820.75
2012-08-03,108.94,557.5,1806.25
2012-08-06,109.55,557.5,1828.75
2012-08-07,112.0,557.5,1863.0
2012-08-08,112.14,557.5,1872.5
2012-08-09,113.22,557.5,1865.75
2012-08-10,112.95,545.0,1834.5
2012-08-13,113.6,545.0,1823.75
2012-08-14,114.03,545.0,1812.75
2012-08-15,116.25,545.0,1803.25
2012-08-16,116.9,545.0,1793.25
2012-08-17,113.71,530.0,1810.25
2012-08-20,113.7,530.0,1798.5
2012-08-21,114.64,530.0,1820.75
2012-08-22,114.91,530.0,1828.5
2012-08-23,115.01,530.0,1861.25
2012-08-24,113.59,520.0,1871.0
2012-08-27,112.26,520.0,1882.5
2012-08-28,112.58,520.0,1882.5
2012-08-29,112.54,520.0,1872.5
2012-08-30,112.65,520.0,1867.5
2012-08-31,114.57,515.0,1848.75
2012-09-03,115.78,515.0,1879.5
2012-09-04,114.18,515.0,1927.25
2012-09-05,113.09,515.0,1927.75
2012-09-06,113.49,515.0,1962.5
2012-09-07,114.25,505.0,1987.75
2012-09-10,114.81,505.0,2031.75
2012-09-11,115.4,505.0,2057.0
2012-09-12,115.96,505.0,2074.25
2012-09-13,116.9,505.0,2081.75
2012-09-14,116.66,505.0,2176.75
2012-09-17,113.79,505.0,2161.75
2012-09-18,112.03,505.0,2152.5
2012-09-19,108.19,505.0,2123.5
2012-09-20,110.03,505.0,2095.5
2012-09-21,111.42,515.0,2093.25
2012-09-24,109.81,515.0,2058.5
2012-09-25,110.45,515.0,2068.5
2012-09-26,110.04,515.0,2048.5
2012-09-27,112.01,515.0,2067.75
2012-09-28,112.39,517.5,2093.75
2012-10-01,112.19,517.5,2068.25
2012-10-02,111.57,517.5,2103.75
2012-10-03,108.17,517.5,2103.75
2012-10-04,112.58,517.5,2087.5
2012-10-05,112.02,517.5,2087.5
2012-10-08,111.82,517.5,2046.25
2012-10-09,114.5,517.5,2040.25
2012-10-10,114.33,517.5,1991.5
2012-10-11,115.71,517.5,1992.25
2012-10-12,114.62,532.5,1975.0
2012-10-15,115.8,532.5,1949.75
2012-10-16,115.07,532.5,1930.5
2012-10-17,113.22,532.5,1932.25
2012-10-18,112.42,532.5,1971.25
2012-10-19,110.14,532.5,1976.25
2012-10-22,109.44,532.5,1932.25
2012-10-23,108.25,532.5,1913.25
2012-10-24,107.85,532.5,1906.75
2012-10-25,108.49,532.5,1909.25
2012-10-26,109.55,532.5,1899.25
2012-10-29,109.44,532.5,1873.25
2012-10-30,109.08,532.5,1884.25
2012-10-31,108.7,532.5,1882.25
2012-11-01,108.17,532.5,1908.25
2012-11-02,105.68,532.5,1936.75
2012-11-05,107.73,532.5,1883.75
2012-11-06,111.07,532.5,1886.75
2012-11-07,106.82,532.5,1900.5
2012-11-08,107.25,532.5,1897.25
2012-11-09,109.4,535.0,1888.75
2012-11-12,109.07,535.0,1929.0
2012-11-13,108.26,535.0,1943.75
2012-11-14,109.61,535.0,1965.5
2012-11-15,110.98,535.0,1931.75
2012-11-16,108.95,545.0,1921.25
2012-11-19,111.7,545.0,1927.75
2012-11-20,109.83,545.0,1952.25
2012-11-21,110.86,545.0,1927.75
2012-11-22,110.55,545.0,1927.75
2012-11-23,111.38,545.0,1915.25
2012-11-24,,545.0,
2012-11-26,110.92,545.0,1976.25
2012-11-27,109.87,545.0,2002.75
2012-11-28,109.51,545.0,1992.25
2012-11-29,110.76,545.0,2045.5
2012-11-30,111.23,542.5,2078.5
2012-12-03,110.92,542.5,2096.25
2012-12-04,109.84,542.5,2100.25
2012-12-05,108.81,542.5,2094.5
2012-12-06,107.03,542.5,2109.25
2012-12-07,107.02,540.0,2077.75
2012-12-10,107.33,540.0,2101.25
2012-12-11,108.01,540.0,2130.5
2012-12-12,109.5,540.0,2134.5
2012-12-13,107.91,540.0,2121.25
2012-12-14,109.15,540.0,2132.25
2012-12-17,107.64,540.0,2163.25
2012-12-18,108.84,540.0,2080.5
2012-12-19,110.36,540.0,2072.5
2012-12-20,110.2,540.0,2031.75
2012-12-21,108.97,552.5,2035.25
2012-12-24,108.8,552.5,2045.25
2012-12-25,,552.5,2043.25
2012-12-26,111.07,552.5,2043.25
2012-12-27,110.8,552.5,2043.25
2012-12-28,110.62,555.0,2030.5
2012-12-31,111.11,555.0,2039.75
2013-01-01,,555.0,2093.25
2013-01-02,112.47,555.0,2093.25
2013-01-03,112.14,555.0,2108.25
2013-01-04,111.31,575.0,2055.5
2013-01-07,111.4,575.0,2004.75
2013-01-08,111.94,575.0,2026.75
2013-01-09,111.76,575.0,2061.25
2013-01-10,111.89,575.0,2074.25
2013-01-11,110.64,587.5,2076.75
2013-01-14,111.88,587.5,2062.25
2013-01-15,110.3,587.5,2002.25
2013-01-16,110.61,587.5,1990.75
2013-01-17,111.1,587.5,2003.25
2013-01-18,111.89,595.0,2021.25
2013-01-21,111.71,595.0,2000.75
2013-01-22,112.42,595.0,2008.75
2013-01-23,112.8,595.0,2047.25
2013-01-24,113.28,595.0,2026.75
2013-01-25,113.28,590.0,2042.25
2013-01-28,113.48,590.0,2042.25
2013-01-29,114.36,590.0,1997.5
2013-01-30,114.9,590.0,2046.25
2013-01-31,115.55,590.0,2073.25
2013-02-01,116.76,602.5,2055.75
2013-02-04,115.6,602.5,2078.5
2013-02-05,116.52,602.5,2074.75
2013-02-06,116.73,602.5,2059.25
2013-02-07,117.24,602.5,2065.75
2013-02-08,118.9,612.5,2066.25
2013-02-11,118.13,612.5,2075.75
2013-02-12,118.66,612.5,2059.25
2013-02-13,118.72,612.5,2087.25
2013-02-14,118.0,612.5,2114.5
2013-02-15,117.66,612.5,2122.75
2013-02-18,117.38,612.5,2122.75
2013-02-19,117.52,612.5,2075.25
2013-02-20,115.6,612.5,2075.25
2013-02-21,113.53,612.5,2046.75
2013-02-22,114.1,615.0,2024.25
2013-02-25,114.44,615.0,2003.75
2013-02-26,112.71,615.0,1970.75
2013-02-27,111.87,615.0,1971.5
2013-02-28,111.38,615.0,1959.75
2013-03-01,110.4,605.0,1914.25
2013-03-04,110.09,605.0,1926.75
2013-03-05,111.61,605.0,1942.75
2013-03-06,111.06,605.0,1927.5
2013-03-07,111.15,605.0,1910.25
2013-03-08,110.85,605.0,1926.75
2013-03-11,110.22,605.0,1895.25
2013-03-12,109.65,605.0,1938.75
2013-03-13,108.52,605.0,1945.25
2013-03-14,109.42,605.0,1937.75
2013-03-15,109.82,600.0,1943.5
2013-03-18,109.51,600.0,1895.25
2013-03-19,107.45,600.0,1902.25
2013-03-20,108.72,600.0,1905.25
2013-03-21,107.47,600.0,1901.5
2013-03-22,107.66,587.5,1905.5
2013-03-25,108.17,587.5,1898.25
2013-03-26,109.36,587.5,1890.25
2013-03-27,109.69,587.5,1867.25
2013-03-28,110.02,587.5,1881.25
2013-03-29,,570.0,1861.5
2013-04-01,111.08,570.0,1861.5
2013-04-02,110.69,570.0,1861.5
2013-04-03,107.11,570.0,1845.25
2013-04-04,106.34,570.0,1833.25
2013-04-05,104.12,562.5,1844.75
2013-04-08,104.66,562.5,1865.25
2013-04-09,106.23,562.5,1858.25
2013-04-10,105.79,562.5,1877.75
2013-04-11,104.27,562.5,1855.25
2013-04-12,103.11,555.0,1840.75
2013-04-15,100.39,555.0,1803.75
2013-04-16,99.91,555.0,1860.5
2013-04-17,97.69,555.0,1855.25
2013-04-18,99.13,555.0,1873.5
2013-04-19,99.65,552.5,1871.25
2013-04-22,100.39,552.5,1840.75
2013-04-23,100.31,552.5,1858.25
2013-04-24,101.73,552.5,1870.75
2013-04-25,103.41,552.5,1882.75
2013-04-26,103.16,537.5,1889.75
2013-04-29,103.81,537.5,1846.25
2013-04-30,102.37,537.5,1846.25
2013-05-01,99.95,537.5,1788.25
2013-05-02,102.85,537.5,1802.5
2013-05-03,104.19,537.5,1827.5
2013-05-06,105.46,537.5,1841.0
2013-05-07,104.4,537.5,1841.0
2013-05-08,104.34,537.5,1886.25
2013-05-09,104.47,537.5,1864.25
2013-05-10,103.91,530.0,1847.5
2013-05-13,102.82,530.0,1827.25
2013-05-14,102.6,530.0,1825.25
2013-05-15,103.68,530.0,1800.25
2013-05-16,103.8,530.0,1802.25
2013-05-17,104.64,517.5,1840.25
2013-05-20,104.8,517.5,1810.75
2013-05-21,103.91,517.5,1834.75
2013-05-22,102.6,517.5,1837.25
2013-05-23,102.44,517.5,1825.75
2013-05-24,102.64,515.0,1814.25
2013-05-27,102.62,515.0,1807.75
2013-05-28,104.23,515.0,1807.75
2013-05-29,102.43,515.0,1820.75
2013-05-30,102.19,515.0,1856.5
2013-05-31,100.39,515.0,1875.25
2013-06-03,102.06,515.0,1888.25
2013-06-04,103.24,515.0,1902.25
2013-06-05,103.04,515.0,1938.75
2013-06-06,103.61,515.0,1927.25
2013-06-07,104.56,510.0,1933.25
2013-06-10,103.95,510.0,1883.5
2013-06-11,102.96,510.0,1848.25
2013-06-12,103.49,510.0,1842.5
2013-06-13,104.25,510.0,1812.75
2013-06-14,105.93,500.0,1815.25
2013-06-17,105.47,500.0,1789.25
2013-06-18,106.02,500.0,1794.75
2013-06-19,106.12,500.0,1792.25
2013-06-20,102.15,500.0,1748.25
2013-06-21,100.91,500.0,1747.75
2013-06-24,101.16,500.0,1728.75
2013-06-25,101.26,500.0,1744.25
2013-06-26,101.66,500.0,1732.75
2013-06-27,102.82,500.0,1719.25
2013-06-28,102.16,497.5,1730.75
2013-07-01,103.0,497.5,1753.75
2013-07-02,104.0,497.5,1792.25
2013-07-03,105.76,497.5,1774.25
2013-07-04,105.54,497.5,1767.25
2013-07-05,107.72,500.0,1742.75
2013-07-08,107.43,500.0,1736.25
2013-07-09,107.81,500.0,1739.75
2013-07-10,108.51,500.0,1761.25
2013-07-11,107.73,500.0,1800.25
2013-07-12,108.81,515.0,1790.0
2013-07-15,109.09,515.0,1761.25
2013-07-16,109.4,515.0,1752.25
2013-07-17,108.61,515.0,1772.25
2013-07-18,108.7,515.0,1752.75
2013-07-19,108.07,515.0,1772.5
2013-07-22,108.15,515.0,1794.25
2013-07-23,108.42,515.0,1801.25
2013-07-24,107.19,515.0,1806.75
2013-07-25,107.65,515.0,1784.25
2013-07-26,107.17,520.0,1761.25
2013-07-29,107.45,520.0,1759.75
2013-07-30,106.91,520.0,1741.25
2013-07-31,107.7,520.0,1731.75
2013-08-01,109.54,520.0,1776.25
2013-08-02,108.95,525.0,1769.5
2013-08-05,108.7,525.0,1755.25
2013-08-06,108.18,525.0,1752.75
2013-08-07,107.44,525.0,1730.75
2013-08-08,106.68,525.0,1781.5
2013-08-09,108.22,532.5,1821.25
2013-08-12,108.97,532.5,1832.25
2013-08-13,109.82,532.5,1839.25
2013-08-14,110.2,532.5,1834.75
2013-08-15,111.11,532.5,1842.25
2013-08-16,110.4,532.5,1876.25
2013-08-19,109.9,532.5,1872.25
2013-08-20,110.15,532.5,1848.5
2013-08-21,109.81,532.5,1852.25
2013-08-22,109.9,532.5,1857.25
2013-08-23,111.04,532.5,1834.5
2013-08-26,110.73,532.5,1827.75
2013-08-27,114.36,532.5,1827.75
2013-08-28,116.61,532.5,1826.25
2013-08-29,115.16,532.5,1797.5
2013-08-30,114.01,532.5,1775.25
2013-09-02,114.33,532.5,1763.75
2013-09-03,115.68,532.5,1772.75
2013-09-04,114.91,532.5,1744.25
2013-09-05,115.26,532.5,1744.25
2013-09-06,116.12,540.0,1780.25
2013-09-09,113.72,540.0,1766.75
2013-09-10,111.25,540.0,1759.25
2013-09-11,111.5,540.0,1756.25
2013-09-12,112.63,540.0,1746.0
2013-09-13,112.78,547.5,1746.0
2013-09-16,110.07,547.5,1734.25
2013-09-17,108.19,547.5,1729.75
2013-09-18,110.6,547.5,1741.75
2013-09-19,108.76,547.5,1783.25
2013-09-20,109.22,547.5,1771.25
2013-09-23,108.16,547.5,1754.25
2013-09-24,108.64,547.5,1753.25
2013-09-25,108.32,547.5,1751.5
2013-09-26,109.21,547.5,1751.5
2013-09-27,108.63,535.0,1789.25
2013-09-30,108.37,535.0,1802.75
2013-10-01,107.94,535.0,1785.5
2013-10-02,109.19,535.0,1773.25
2013-10-03,109.0,535.0,1785.25
2013-10-04,109.46,535.0,1789.25
2013-10-07,109.68,535.0,1790.75
2013-10-08,110.16,535.0,1790.75
2013-10-09,109.06,535.0,1838.75
2013-10-10,111.8,535.0,1818.25
2013-10-11,111.28,522.5,1829.75
2013-10-14,111.04,522.5,1821.75
2013-10-15,109.96,522.5,1804.75
2013-10-16,110.86,522.5,1786.75
2013-10-17,109.11,522.5,1795.75
2013-10-18,109.94,522.5,1808.25
2013-10-21,109.64,522.5,1807.25
2013-10-22,109.97,522.5,1829.25
2013-10-23,107.8,522.5,1821.5
2013-10-24,106.99,522.5,1801.5
2013-10-25,106.93,517.5,1806.75
2013-10-28,109.61,517.5,1838.75
2013-10-29,109.01,517.5,1848.75
2013-10-30,109.86,517.5,1843.25
2013-10-31,108.84,517.5,1832.75
2013-11-01,105.91,517.5,1817.25
2013-11-04,106.23,517.5,1787.75
2013-11-05,105.33,517.5,1767.25
2013-11-06,105.24,517.5,1784.25
2013-11-07,103.46,517.5,1775.75
2013-11-08,105.12,517.5,1764.75
2013-11-11,106.4,517.5,1760.25
2013-11-12,105.81,517.5,1754.75
2013-11-13,107.12,517.5,1745.75
2013-11-14,108.54,517.5,1740.25
2013-11-15,108.5,522.5,1737.75
2013-11-18,108.47,522.5,1737.25
2013-11-19,106.92,522.5,1737.75
2013-11-20,108.06,522.5,1739.75
2013-11-21,110.08,522.5,1730.25
2013-11-22,111.05,522.5,1746.5
2013-11-25,111.0,522.5,1746.5
2013-11-26,110.88,522.5,1734.5
2013-11-27,111.31,522.5,1720.75
2013-11-28,110.86,522.5,1700.75
2013-11-29,109.69,522.5,1710.5
2013-12-02,111.45,522.5,1699.25
2013-12-03,112.62,522.5,1694.75
2013-12-04,111.88,522.5,1701.5
2013-12-05,110.98,522.5,1727.75
2013-12-06,111.61,522.5,1727.75
2013-12-09,109.39,522.5,1748.75
2013-12-10,109.38,522.5,1762.25
2013-12-11,109.7,522.5,1768.75
2013-12-12,108.67,522.5,1768.75
2013-12-13,108.83,522.5,1750.25
2013-12-16,110.47,522.5,1745.25
2013-12-17,108.44,522.5,1745.25
2013-12-18,109.63,522.5,1749.25
2013-12-19,110.29,522.5,1735.25
2013-12-20,111.77,522.5,1738.5
2013-12-23,111.56,522.5,1717.75
2013-12-24,111.9,522.5,1709.5
2013-12-25,,522.5,1753.25
2013-12-26,111.98,522.5,1753.25
2013-12-27,112.18,530.0,1753.25
2013-12-30,111.21,530.0,1770.75
2013-12-31,110.8,530.0,1764.25
2014-01-01,110.92,530.0,1755.25
2014-01-02,107.78,530.0,1755.25
2014-01-03,106.89,530.0,1755.25
2014-01-06,106.73,530.0,1717.25
2014-01-07,107.35,530.0,1732.75
2014-01-08,107.15,530.0,1736.25
2014-01-09,106.39,530.0,1712.75
2014-01-10,107.25,532.5,1715.75
2014-01-13,106.75,532.5,1715.75
2014-01-14,106.39,532.5,1724.75
2014-01-15,107.13,532.5,1714.75
2014-01-16,107.09,532.5,1751.75
2014-01-17,106.48,527.5,1765.75
2014-01-20,106.35,527.5,1767.25
2014-01-21,106.73,527.5,1742.25
2014-01-22,108.27,527.5,1746.5
2014-01-23,107.58,527.5,1731.5
2014-01-24,107.88,527.5,1726.25
2014-01-27,106.69,527.5,1710.75
2014-01-28,107.41,527.5,1712.75
2014-01-29,107.85,527.5,1709.25
2014-01-30,107.95,527.5,1685.75
2014-01-31,106.4,527.5,1663.25
2014-02-03,106.04,527.5,1658.25
2014-02-04,105.78,527.5,1641.25
2014-02-05,106.25,527.5,1662.75
2014-02-06,107.19,527.5,1654.25
2014-02-07,109.57,527.5,1677.75
2014-02-10,108.63,527.5,1671.75
2014-02-11,108.68,527.5,1670.75
2014-02-12,108.79,527.5,1685.5
2014-02-13,108.73,527.5,1686.75
2014-02-14,109.08,527.5,1710.25
2014-02-17,109.18,527.5,1700.25
2014-02-18,110.46,527.5,1693.25
2014-02-19,110.47,527.5,1726.25
2014-02-20,110.3,527.5,1717.25
2014-02-21,109.85,527.5,1717.25
2014-02-24,110.64,527.5,1699.25
2014-02-25,109.51,527.5,1708.25
2014-02-26,109.52,527.5,1734.75
2014-02-27,108.96,527.5,1715.75
2014-02-28,109.07,527.5,1723.75
2014-03-03,111.2,527.5,1674.25
2014-03-04,109.3,527.5,1686.75
2014-03-05,107.76,527.5,1741.25
2014-03-06,108.1,527.5,1731.75
2014-03-07,109.0,522.5,1729.25
2014-03-10,108.08,522.5,1714.75
2014-03-11,108.55,522.5,1745.75
2014-03-12,108.02,522.5,1716.25
2014-03-13,107.39,522.5,1702.75
2014-03-14,108.57,517.5,1697.75
2014-03-17,106.24,517.5,1683.75
2014-03-18,106.79,517.5,1690.25
2014-03-19,105.85,517.5,1671.75
2014-03-20,106.45,517.5,1673.5
2014-03-21,106.92,517.5,1676.75
2014-03-24,106.81,517.5,1688.25
2014-03-25,106.99,517.5,1911.9672592592592
2014-03-26,107.03,517.5,1705.25
2014-03-27,107.83,517.5,1682.25
2014-03-28,108.07,517.5,1709.25
2014-03-31,107.76,517.5,1730.25
2014-04-01,105.62,517.5,1743.75
2014-04-02,104.79,517.5,1776.25
2014-04-03,106.15,517.5,1782.25
2014-04-04,106.72,517.5,1809.5
2014-04-07,105.82,517.5,1793.25
2014-04-08,107.67,517.5,1784.75
2014-04-09,107.98,517.5,1791.25
2014-04-10,107.46,517.5,1853.25
2014-04-11,107.33,522.5,1840.25
2014-04-14,109.07,522.5,1833.25
2014-04-15,108.74,522.5,1816.25
2014-04-16,109.6,522.5,1832.75
2014-04-17,109.53,522.5,1836.75
2014-04-18,,522.5,1846.5
2014-04-21,109.95,522.5,1846.5
2014-04-22,109.27,522.5,1846.5
2014-04-23,109.11,522.5,1835.25
2014-04-24,110.33,522.5,1840.25
2014-04-25,109.58,517.5,1823.25
2014-04-28,108.12,517.5,1800.25
2014-04-29,108.98,517.5,1779.25
2014-04-30,108.07,517.5,1769.25
2014-05-01,107.76,517.5,1736.25
2014-05-02,108.59,517.5,1736.25
2014-05-05,107.72,517.5,1749.25
2014-05-06,107.06,517.5,1749.25
2014-05-07,108.13,517.5,1728.25
2014-05-08,108.04,517.5,1717.25
2014-05-09,107.89,512.5,1717.75
2014-05-12,108.41,512.5,1739.25
2014-05-13,109.24,512.5,1738.75
2014-05-14,110.19,512.5,1757.25
2014-05-15,110.44,512.5,1752.75
2014-05-16,109.75,512.5,1731.25
2014-05-19,109.37,512.5,1724.25
2014-05-20,109.69,512.5,1721.75
2014-05-21,110.55,512.5,1714.25
2014-05-22,110.36,512.5,1745.25
2014-05-23,110.54,507.5,1781.25
2014-05-26,110.32,507.5,1777.25
2014-05-27,110.02,507.5,1777.25
2014-05-28,109.81,507.5,1801.25
2014-05-29,109.97,507.5,1784.25
2014-05-30,109.41,507.5,1823.25
2014-06-02,108.83,507.5,1816.25
2014-06-03,108.82,507.5,1802.25
2014-06-04,108.4,507.5,1796.25
2014-06-05,108.79,507.5,1826.75
2014-06-06,108.61,507.5,1816.75
2014-06-09,109.99,507.5,1870.25
2014-06-10,109.52,507.5,1864.75
2014-06-11,109.95,507.5,1835.25
2014-06-12,113.02,507.5,1821.75
2014-06-13,113.41,507.5,1800.75
2014-06-16,112.94,507.5,1800.75
2014-06-17,113.45,507.5,1808.25
2014-06-18,114.26,507.5,1828.25
2014-06-19,115.06,507.5,1843.75
2014-06-20,114.81,502.5,1844.75
2014-06-23,114.12,502.5,1856.75
2014-06-24,114.46,502.5,1856.75
2014-06-25,114.0,502.5,1866.25
2014-06-26,113.21,502.5,1856.75
2014-06-27,113.3,502.5,1849.75
2014-06-30,112.36,502.5,1850.25
2014-07-01,112.29,502.5,1837.25
2014-07-02,111.24,502.5,1861.5
2014-07-03,111.0,502.5,1889.5
2014-07-04,110.64,502.5,1892.75
2014-07-07,110.24,502.5,1893.5
2014-07-08,108.94,502.5,1910.25
2014-07-09,108.28,502.5,1923.75
2014-07-10,108.67,502.5,1885.25
2014-07-11,106.66,505.0,1906.25
2014-07-14,106.98,505.0,1922.75
2014-07-15,106.02,505.0,1927.75
2014-07-16,105.85,505.0,1962.25
2014-07-17,107.89,505.0,1967.25
2014-07-18,107.24,507.5,1958.25
2014-07-21,107.68,507.5,1987.5
2014-07-22,107.33,507.5,2020.25
2014-07-23,108.03,507.5,2010.5
2014-07-24,107.07,507.5,2013.25
2014-07-25,108.39,507.5,2008.25
2014-07-28,107.57,507.5,1987.25
2014-07-29,107.72,507.5,1973.75
2014-07-30,106.51,507.5,1982.25
2014-07-31,106.02,507.5,2016.25
2014-08-01,104.84,507.5,1964.25
2014-08-04,105.41,507.5,1978.5
2014-08-05,104.61,507.5,2001.75
2014-08-06,104.59,507.5,1983.0
2014-08-07,105.44,507.5,2014.25
2014-08-08,105.02,507.5,2017.25
2014-08-11,104.68,507.5,2031.0
2014-08-12,103.02,507.5,2039.75
2014-08-13,104.28,507.5,2025.75
2014-08-14,102.01,507.5,2004.75
2014-08-15,103.53,507.5,1979.5
2014-08-18,101.6,507.5,1994.5
2014-08-19,101.56,507.5,2027.75
2014-08-20,102.28,507.5,2036.75
2014-08-21,102.63,507.5,2058.25
2014-08-22,102.29,502.5,2058.25
2014-08-25,102.65,502.5,2081.75
2014-08-26,102.5,502.5,2081.75
2014-08-27,102.72,502.5,2082.25
2014-08-28,102.46,502.5,2107.75
2014-08-29,103.19,502.5,2113.75
2014-09-01,102.79,502.5,2081.75
2014-09-02,100.34,502.5,2082.75
2014-09-03,102.77,502.5,2077.5
2014-09-04,101.83,502.5,2085.25
2014-09-05,100.82,502.5,2074.5
2014-09-08,100.2,502.5,2081.0
2014-09-09,99.16,502.5,2044.75
2014-09-10,98.04,502.5,2011.75
2014-09-11,98.08,502.5,2001.75
2014-09-12,97.11,497.5,2008.25
2014-09-15,96.65,497.5,1958.0
2014-09-16,99.05,497.5,1969.25
2014-09-17,98.97,497.5,1966.25
2014-09-18,97.7,497.5,1949.75
2014-09-19,98.39,487.5,1949.0
2014-09-22,96.97,487.5,1924.75
2014-09-23,96.85,487.5,1924.75
2014-09-24,96.95,487.5,1922.25
2014-09-25,97.0,487.5,1926.75
2014-09-26,97.0,482.5,1924.25
2014-09-29,97.2,482.5,1913.5
2014-09-30,94.67,482.5,1934.5
2014-10-01,94.16,482.5,1898.25
2014-10-02,93.42,482.5,1869.25
2014-10-03,92.31,482.5,1882.75
2014-10-06,92.79,482.5,1897.75
2014-10-07,92.11,482.5,1885.75
2014-10-08,91.38,482.5,1920.25
2014-10-09,90.05,482.5,1923.5
2014-10-10,90.21,482.5,1891.25
2014-10-13,88.89,482.5,1903.25
2014-10-14,85.04,482.5,1908.75
2014-10-15,83.78,482.5,1912.25
2014-10-16,84.47,482.5,1872.75
2014-10-17,86.16,477.5,1929.25
2014-10-20,85.4,477.5,1954.25
2014-10-21,86.22,477.5,1971.5
2014-10-22,84.71,477.5,1979.75
2014-10-23,86.83,477.5,1984.25
2014-10-24,86.13,477.5,1950.25
2014-10-27,85.83,477.5,1963.25
2014-10-28,86.03,477.5,1990.25
2014-10-29,87.12,477.5,2011.75
2014-10-30,86.24,477.5,2015.25
2014-10-31,85.86,475.0,2056.75
2014-11-03,84.78,475.0,2055.75
2014-11-04,82.82,475.0,2050.25
2014-11-05,82.95,475.0,2037.5
2014-11-06,82.86,475.0,2052.25
2014-11-07,83.39,475.0,2076.75
2014-11-10,82.34,475.0,2040.75
2014-11-11,81.67,475.0,2017.5
2014-11-12,80.38,475.0,2061.75
2014-11-13,77.92,475.0,2064.5
2014-11-14,79.41,470.0,2020.25
2014-11-17,79.31,470.0,2049.25
2014-11-18,78.47,470.0,2015.25
2014-11-19,78.1,470.0,2024.75
2014-11-20,79.33,470.0,2016.75
2014-11-21,80.36,465.0,2077.0
2014-11-24,79.68,465.0,2059.75
2014-11-25,78.33,465.0,2083.5
2014-11-26,77.75,465.0,2098.75
2014-11-27,72.58,465.0,2098.75
2014-11-28,70.15,462.5,2071.25
2014-12-01,72.54,462.5,2020.75
2014-12-02,70.54,462.5,2014.75
2014-12-03,69.92,462.5,1966.5
2014-12-04,69.64,462.5,1974.75
2014-12-05,69.07,460.0,2001.75
2014-12-08,66.19,460.0,1959.75
2014-12-09,66.84,460.0,1944.75
2014-12-10,64.24,460.0,1949.75
2014-12-11,63.68,460.0,1935.25
2014-12-12,61.85,457.5,1917.75
2014-12-15,61.06,457.5,1916.25
2014-12-16,59.86,457.5,1874.75
2014-12-17,61.18,457.5,1863.25
2014-12-18,59.27,457.5,1888.25
2014-12-19,61.38,457.5,1887.75
2014-12-22,60.11,457.5,1877.5
2014-12-23,61.69,457.5,1851.75
2014-12-24,60.24,457.5,1833.5
2014-12-25,,457.5,1827.25
2014-12-26,59.45,457.5,1827.25
2014-12-29,57.88,457.5,1827.25
2014-12-30,57.9,457.5,1834.0
2014-12-31,57.33,457.5,1831.25
2015-01-01,,457.5,1821.25
2015-01-02,56.42,457.5,1821.25
2015-01-05,53.11,457.5,1792.75
2015-01-06,51.1,457.5,1772.25
2015-01-07,51.15,457.5,1761.75
2015-01-08,50.96,457.5,1776.25
2015-01-09,50.11,445.0,1797.75
2015-01-12,47.43,445.0,1778.5
2015-01-13,46.59,445.0,1766.25
2015-01-14,48.69,445.0,1767.25
2015-01-15,47.67,445.0,1782.25
2015-01-16,50.17,432.5,1798.25
2015-01-19,48.84,432.5,1825.25
2015-01-20,47.99,432.5,1829.5
2015-01-21,49.03,432.5,1830.75
2015-01-22,48.52,432.5,1866.5
2015-01-23,48.79,412.5,1830.25
2015-01-26,48.16,412.5,1817.75
2015-01-27,49.6,412.5,1846.75
2015-01-28,48.47,412.5,1849.25
2015-01-29,49.13,412.5,1822.25
2015-01-30,52.99,395.0,1837.25
2015-02-02,54.75,395.0,1851.5
2015-02-03,57.91,395.0,1869.75
2015-02-04,54.16,395.0,1862.0
2015-02-05,56.57,395.0,1848.75
2015-02-06,57.8,382.5,1871.25
2015-02-09,58.34,382.5,1854.75
2015-02-10,56.43,382.5,1842.5
2015-02-11,54.66,382.5,1811.25
2015-02-12,57.05,382.5,1817.5
2015-02-13,61.52,375.0,1831.25
2015-02-16,61.4,375.0,1814.25
2015-02-17,62.53,375.0,1800.25
2015-02-18,60.53,375.0,1796.0
2015-02-19,60.21,375.0,1801.75
2015-02-20,60.22,375.0,1796.25
2015-02-23,58.9,375.0,1772.25
2015-02-24,58.66,375.0,1791.5
2015-02-25,61.63,375.0,1783.25
2015-02-26,60.05,375.0,1798.25
2015-02-27,62.58,375.0,1794.25
2015-02-28,,375.0,
2015-03-02,59.54,375.0,1796.75
2015-03-03,61.02,375.0,1783.25
2015-03-04,60.55,375.0,1786.5
2015-03-05,60.48,375.0,1787.5
2015-03-06,59.73,375.0,1784.5
2015-03-09,58.53,375.0,1760.25
2015-03-10,56.39,375.0,1749.25
2015-03-11,57.54,375.0,1753.75
2015-03-12,57.08,375.0,1741.75
2015-03-13,54.67,372.5,1743.75
2015-03-16,53.44,372.5,1760.5
2015-03-17,53.51,372.5,1769.75
2015-03-18,55.91,372.5,1771.25
2015-03-19,54.43,372.5,1782.25
2015-03-20,55.32,367.5,1762.5
2015-03-23,55.92,367.5,1786.75
2015-03-24,55.11,367.5,1786.0
2015-03-25,56.48,367.5,1763.5
2015-03-26,59.19,367.5,1783.25
2015-03-27,56.41,375.0,1771.75
2015-03-30,56.29,375.0,1776.25
2015-03-31,55.11,375.0,1788.75
2015-04-01,57.1,375.0,1765.25
2015-04-02,54.95,375.0,1770.25
2015-04-03,,375.0,1784.75
2015-04-06,58.12,375.0,1784.75
2015-04-07,59.1,375.0,1784.75
2015-04-08,55.55,375.0,1774.5
2015-04-09,56.57,375.0,1773.25
2015-04-10,57.87,367.5,1772.75
2015-04-13,57.93,367.5,1781.25
2015-04-14,58.43,367.5,1781.25
2015-04-15,60.32,367.5,1810.5
2015-04-16,63.98,367.5,1856.0
2015-04-17,63.45,362.5,1846.25
2015-04-20,63.45,362.5,1858.25
2015-04-21,62.08,362.5,1826.25
2015-04-22,62.73,362.5,1817.25
2015-04-23,64.85,362.5,1805.25
2015-04-24,65.28,362.5,1829.75
2015-04-27,64.83,362.5,1827.25
2015-04-28,64.64,362.5,1827.25
2015-04-29,65.84,362.5,1890.0
2015-04-30,66.78,362.5,1909.25
2015-05-01,66.46,362.5,1918.5
2015-05-04,66.45,362.5,1910.25
2015-05-05,67.52,362.5,1910.25
2015-05-06,67.77,362.5,1915.25
2015-05-07,65.54,362.5,1870.25
2015-05-08,65.39,362.5,1863.75
2015-05-11,64.91,362.5,1851.75
2015-05-12,66.86,362.5,1854.5
2015-05-13,66.81,362.5,1859.5
2015-05-14,66.59,362.5,1845.75
2015-05-15,66.81,362.5,1812.75
2015-05-18,66.27,362.5,1795.25
2015-05-19,64.02,362.5,1749.75
2015-05-20,65.03,362.5,1748.75
2015-05-21,66.54,362.5,1735.75
2015-05-22,65.37,357.5,1725.75
2015-05-25,65.52,357.5,1710.25
2015-05-26,63.72,357.5,1710.25
2015-05-27,62.06,357.5,1699.25
2015-05-28,62.58,357.5,1719.25
2015-05-29,65.56,357.5,1705.25
2015-06-01,64.88,357.5,1691.25
2015-06-02,65.49,357.5,1711.25
2015-06-03,63.8,357.5,1716.25
2015-06-04,62.03,357.5,1697.25
2015-06-05,63.31,352.5,1693.25
2015-06-08,62.69,352.5,1695.25
2015-06-09,64.88,352.5,1722.75
2015-06-10,65.7,352.5,1726.5
2015-06-11,65.11,352.5,1701.25
2015-06-12,63.87,347.5,1701.25
2015-06-15,62.61,347.5,1660.25
2015-06-16,63.7,347.5,1660.75
2015-06-17,63.87,347.5,1675.25
2015-06-18,64.26,347.5,1680.25
2015-06-19,63.02,342.5,1650.25
2015-06-22,63.34,342.5,1650.25
2015-06-23,64.45,342.5,1680.25
2015-06-24,63.49,342.5,1690.25
2015-06-25,63.2,342.5,1670.75
2015-06-26,63.26,342.5,1667.75
2015-06-29,62.01,342.5,1641.75
2015-06-30,63.59,342.5,1646.25
2015-07-01,62.01,342.5,1665.5
2015-07-02,62.07,342.5,1692.5
2015-07-03,60.32,335.0,1684.75
2015-07-06,56.54,335.0,1643.0
2015-07-07,56.85,335.0,1644.75
2015-07-08,57.05,335.0,1619.75
2015-07-09,58.61,335.0,1648.5
2015-07-10,58.73,315.0,1652.25
2015-07-13,57.85,315.0,1658.75
2015-07-14,58.51,315.0,1652.75
2015-07-15,57.05,315.0,1674.25
2015-07-16,57.51,315.0,1663.75
2015-07-17,57.1,312.5,1663.25
2015-07-20,56.65,312.5,1636.25
2015-07-21,57.04,312.5,1630.25
2015-07-22,56.13,312.5,1610.25
2015-07-23,55.27,312.5,1604.25
2015-07-24,54.62,307.5,1594.25
2015-07-27,53.47,307.5,1600.25
2015-07-28,53.3,307.5,1608.75
2015-07-29,53.38,307.5,1618.5
2015-07-30,53.31,307.5,1608.25
2015-07-31,52.21,307.5,1593.5
2015-08-03,49.52,307.5,1563.5
2015-08-04,49.99,307.5,1577.25
2015-08-05,49.59,307.5,1569.25
2015-08-06,49.52,307.5,1552.75
2015-08-07,48.61,312.5,1556.25
2015-08-10,50.41,312.5,1552.75
2015-08-11,49.18,312.5,1546.75
2015-08-12,49.66,312.5,1546.75
2015-08-13,49.22,312.5,1538.5
2015-08-14,49.03,307.5,1540.25
2015-08-17,48.74,307.5,1523.25
2015-08-18,48.81,307.5,1531.75
2015-08-19,47.16,307.5,1521.5
2015-08-20,46.62,307.5,1543.75
2015-08-21,45.46,302.5,1523.25
2015-08-24,42.69,302.5,1485.25
2015-08-25,43.21,302.5,1525.75
2015-08-26,43.14,302.5,1513.25
2015-08-27,47.56,302.5,1527.5
2015-08-28,50.05,297.5,1549.75
2015-08-31,54.15,297.5,1577.25
2015-09-01,49.56,297.5,1577.25
2015-09-02,50.5,297.5,1569.75
2015-09-03,50.68,297.5,1606.25
2015-09-04,49.61,297.5,1601.25
2015-09-07,47.63,297.5,1587.5
2015-09-08,49.52,297.5,1593.25
2015-09-09,47.58,297.5,1627.75
2015-09-10,48.89,297.5,1607.25
2015-09-11,48.14,287.5,1614.0
2015-09-14,46.37,287.5,1598.75
2015-09-15,46.63,287.5,1600.25
2015-09-16,49.75,287.5,1598.25
2015-09-17,49.08,287.5,1606.25
2015-09-18,47.47,280.0,1624.25
2015-09-21,48.92,280.0,1611.75
2015-09-22,49.08,280.0,1578.25
2015-09-23,47.75,280.0,1571.75
2015-09-24,48.17,280.0,1560.25
2015-09-25,48.6,275.0,1566.25
2015-09-28,47.34,275.0,1536.75
2015-09-29,48.23,275.0,1548.75
2015-09-30,48.37,275.0,1561.0
2015-10-01,47.69,275.0,1578.25
2015-10-02,48.13,272.5,1544.75
2015-10-05,49.25,272.5,1546.75
2015-10-06,51.92,272.5,1546.25
2015-10-07,51.33,272.5,1566.75
2015-10-08,53.05,272.5,1551.75
2015-10-09,52.65,272.5,1606.5
2015-10-12,49.86,272.5,1607.25
2015-10-13,49.24,272.5,1559.0
2015-10-14,49.15,272.5,1568.75
2015-10-15,48.71,272.5,1567.25
2015-10-16,50.46,270.0,1542.25
2015-10-19,48.61,270.0,1535.75
2015-10-20,48.71,270.0,1506.25
2015-10-21,47.85,270.0,1490.5
2015-10-22,48.08,270.0,1479.75
2015-10-23,47.99,267.5,1480.25
2015-10-26,47.54,267.5,1467.5
2015-10-27,46.81,267.5,1453.75
2015-10-28,49.05,267.5,1433.75
2015-10-29,48.8,267.5,1440.0
2015-10-30,49.56,265.0,1447.25
2015-11-02,48.79,265.0,1451.75
2015-11-03,50.54,265.0,1469.75
2015-11-04,48.58,265.0,1472.25
2015-11-05,47.98,265.0,1472.75
2015-11-06,47.42,262.5,1491.25
2015-11-09,47.19,262.5,1505.75
2015-11-10,47.44,262.5,1485.75
2015-11-11,45.81,262.5,1493.5
2015-11-12,44.06,262.5,1484.25
2015-11-13,43.61,262.5,1475.75
2015-11-16,44.56,262.5,1457.25
2015-11-17,43.57,262.5,1462.75
2015-11-18,44.14,262.5,1453.75
2015-11-19,44.18,262.5,1445.75
2015-11-20,44.66,262.5,1474.75
2015-11-23,44.83,262.5,1423.75
2015-11-24,46.12,262.5,1432.75
2015-11-25,46.17,262.5,1428.25
2015-11-26,45.46,262.5,1470.25
2015-11-27,44.86,262.5,1479.25
2015-11-30,44.61,262.5,1441.75
2015-12-01,44.44,262.5,1441.75
2015-12-02,42.49,262.5,1459.75
2015-12-03,43.84,262.5,1462.25
2015-12-04,43.0,257.5,1502.75
2015-12-07,40.73,257.5,1497.75
2015-12-08,40.26,257.5,1461.75
2015-12-09,40.11,257.5,1493.5
2015-12-10,39.73,257.5,1478.5
2015-12-11,37.93,257.5,1499.0
2015-12-14,37.92,257.5,1475.5
2015-12-15,38.45,257.5,1477.25
2015-12-16,37.19,257.5,1477.75
2015-12-17,37.06,257.5,1482.25
2015-12-18,36.88,257.5,1507.5
2015-12-21,36.35,257.5,1509.5
2015-12-22,36.11,257.5,1517.5
2015-12-23,37.36,257.5,1538.75
2015-12-24,37.89,257.5,1540.75
2015-12-25,,262.5,1540.75
2015-12-28,36.62,262.5,1540.75
2015-12-29,37.79,262.5,1534.5
2015-12-30,36.46,262.5,1506.5
2015-12-31,37.28,267.5,1507.0
2016-01-01,,267.5,1465.5
2016-01-04,37.22,267.5,1465.5
2016-01-05,36.42,267.5,1472.75
2016-01-06,34.23,267.5,1456.5
2016-01-07,33.75,267.5,1454.5
2016-01-08,33.55,272.5,1475.75
2016-01-11,31.55,272.5,1471.25
2016-01-12,30.86,272.5,1456.75
2016-01-13,30.31,272.5,1452.5
2016-01-14,31.03,272.5,1477.75
2016-01-15,28.94,272.5,1467.25
2016-01-18,28.55,272.5,1486.25
2016-01-19,28.76,272.5,1493.5
2016-01-20,27.88,272.5,1461.25
2016-01-21,29.25,272.5,1469.5
2016-01-22,32.18,272.5,1497.25
2016-01-25,30.5,272.5,1479.5
2016-01-26,31.8,272.5,1480.25
2016-01-27,33.1,272.5,1507.75
2016-01-28,33.89,272.5,1526.75
2016-01-29,34.74,272.5,1529.25
2016-02-01,34.24,272.5,1519.5
2016-02-02,32.72,272.5,1524.25
2016-02-03,35.04,272.5,1513.75
2016-02-04,34.46,272.5,1531.5
2016-02-05,34.06,272.5,1530.5
2016-02-08,32.88,272.5,1495.75
2016-02-09,30.32,272.5,1491.75
2016-02-10,30.84,272.5,1498.5
2016-02-11,30.06,272.5,1493.75
2016-02-12,33.36,272.5,1498.5
2016-02-15,33.39,272.5,1505.25
2016-02-16,32.18,272.5,1528.25
2016-02-17,34.5,272.5,1519.75
2016-02-18,34.28,272.5,1529.5
2016-02-19,33.01,277.5,1551.0
2016-02-22,34.69,277.5,1572.75
2016-02-23,33.27,277.5,1575.25
2016-02-24,34.41,277.5,1551.5
2016-02-25,35.29,277.5,1599.5
2016-02-26,35.1,292.5,1588.0
2016-02-29,35.97,292.5,1621.25
2016-03-01,36.81,292.5,1590.25
2016-03-02,36.93,292.5,1596.75
2016-03-03,37.07,292.5,1603.25
2016-03-04,38.72,307.5,1587.25
2016-03-07,40.84,307.5,1599.0
2016-03-08,39.65,307.5,1589.5
2016-03-09,41.07,307.5,1563.5
2016-03-10,40.05,307.5,1564.5
2016-03-11,40.39,307.5,1548.25
2016-03-14,39.53,307.5,1532.25
2016-03-15,38.74,307.5,1507.5
2016-03-16,40.33,307.5,1494.5
2016-03-17,41.54,307.5,1503.25
2016-03-18,41.2,347.5,1497.75
2016-03-21,41.54,347.5,1485.75
2016-03-22,41.79,347.5,1480.5
2016-03-23,40.47,347.5,1479.75
2016-03-24,40.44,347.5,1469.25
2016-03-25,,357.5,1472.75
2016-03-28,40.27,357.5,1472.75
2016-03-29,39.14,357.5,1472.75
2016-03-30,39.26,357.5,1477.75
2016-03-31,39.6,357.5,1491.25
2016-04-01,38.67,372.5,1523.75
2016-04-04,37.69,372.5,1522.5
2016-04-05,37.87,372.5,1497.75
2016-04-06,39.84,372.5,1480.75
2016-04-07,39.43,372.5,1484.75
2016-04-08,41.94,377.5,1491.5
2016-04-11,42.83,377.5,1493.25
2016-04-12,44.69,377.5,1513.5
2016-04-13,44.18,377.5,1545.0
2016-04-14,43.84,377.5,1548.0
2016-04-15,43.1,422.5,1534.0
2016-04-18,42.91,422.5,1546.75
2016-04-19,44.03,422.5,1565.25
2016-04-20,45.8,422.5,1597.75
2016-04-21,44.53,422.5,1627.5
2016-04-22,45.11,472.5,1634.75
2016-04-25,44.48,472.5,1640.75
2016-04-26,45.74,472.5,1631.75
2016-04-27,47.18,472.5,1642.25
2016-04-28,48.14,472.5,1648.75
2016-04-29,48.13,437.5,1672.75
2016-05-02,45.83,437.5,1628.75
2016-05-03,44.97,437.5,1628.75
2016-05-04,44.62,437.5,1610.5
2016-05-05,45.01,437.5,1601.25
2016-05-06,45.37,412.5,1598.5
2016-05-09,43.63,412.5,1556.25
2016-05-10,45.52,412.5,1542.25
2016-05-11,47.6,412.5,1559.75
2016-05-12,48.08,412.5,1544.5
2016-05-13,47.83,387.5,1528.75
2016-05-16,48.97,387.5,1525.25
2016-05-17,49.28,387.5,1531.5
2016-05-18,48.93,387.5,1529.25
2016-05-19,48.81,387.5,1535.5
2016-05-20,48.72,367.5,1558.75
2016-05-23,48.35,367.5,1525.75
2016-05-24,48.61,367.5,1552.5
2016-05-25,49.74,367.5,1538.5
2016-05-26,49.59,367.5,1552.75
2016-05-27,49.32,347.5,1551.0
2016-05-30,49.76,347.5,1547.75
2016-05-31,49.69,347.5,1547.75
2016-06-01,49.72,347.5,1543.75
2016-06-02,50.04,347.5,1558.0
2016-06-03,49.64,337.5,1542.5
2016-06-06,50.55,337.5,1547.0
2016-06-07,51.44,337.5,1540.5
2016-06-08,52.51,337.5,1595.75
2016-06-09,51.95,337.5,1591.25
2016-06-10,50.54,335.0,1583.75
2016-06-13,50.35,335.0,1581.25
2016-06-14,49.83,335.0,1604.5
2016-06-15,48.97,335.0,1613.25
2016-06-16,47.19,335.0,1592.25
2016-06-17,49.17,332.5,1602.25
2016-06-20,50.65,332.5,1607.25
2016-06-21,50.62,332.5,1623.25
2016-06-22,49.88,332.5,1623.75
2016-06-23,50.91,332.5,1627.5
2016-06-24,48.41,327.5,1600.25
2016-06-27,47.16,327.5,1591.75
2016-06-28,48.58,327.5,1602.25
2016-06-29,50.61,327.5,1613.5
2016-06-30,49.68,327.5,1634.75
2016-07-01,50.35,342.5,1644.75
2016-07-04,50.1,342.5,1652.5
2016-07-05,47.96,342.5,1623.0
2016-07-06,48.8,342.5,1623.25
2016-07-07,46.4,342.5,1636.75
2016-07-08,46.76,352.5,1640.25
2016-07-11,46.25,352.5,1652.75
2016-07-12,48.47,352.5,1645.75
2016-07-13,46.26,352.5,1669.0
2016-07-14,47.37,352.5,1671.5
2016-07-15,47.61,367.5,1681.75
2016-07-18,46.96,367.5,1644.75
2016-07-19,46.66,367.5,1642.5
2016-07-20,47.17,367.5,1608.5
2016-07-21,46.2,367.5,1594.25
2016-07-22,45.69,367.5,1599.75
2016-07-25,44.72,367.5,1600.75
2016-07-26,44.87,367.5,1590.25
2016-07-27,43.47,367.5,1583.5
2016-07-28,42.7,367.5,1597.5
2016-07-29,42.46,367.5,1615.75
2016-08-01,42.14,367.5,1645.25
2016-08-02,41.8,367.5,1635.25
2016-08-03,43.1,367.5,1619.0
2016-08-04,44.29,367.5,1615.75
2016-08-05,44.27,367.5,1627.5
2016-08-08,45.39,367.5,1644.5
2016-08-09,44.98,367.5,1625.75
2016-08-10,44.05,367.5,1645.75
2016-08-11,46.04,367.5,1629.75
2016-08-12,46.97,385.0,1634.0
2016-08-15,48.35,385.0,1644.25
2016-08-16,49.23,385.0,1675.75
2016-08-17,49.85,385.0,1685.25
2016-08-18,50.89,385.0,1690.25
2016-08-19,50.88,390.0,1648.25
2016-08-22,49.16,390.0,1651.0
2016-08-23,49.96,390.0,1652.5
2016-08-24,49.05,390.0,1656.25
2016-08-25,49.67,390.0,1623.5
2016-08-26,49.92,395.0,1627.25
2016-08-29,49.26,395.0,1627.25
2016-08-30,48.37,395.0,1627.25
2016-08-31,47.04,395.0,1600.75
2016-09-01,45.45,395.0,1586.75
2016-09-02,46.83,392.5,1591.5
2016-09-05,47.63,392.5,1568.25
2016-09-06,47.26,392.5,1573.25
2016-09-07,47.98,392.5,1582.25
2016-09-08,49.99,392.5,1565.5
2016-09-09,48.01,392.5,1567.0
2016-09-12,48.32,392.5,1545.25
2016-09-13,47.1,392.5,1556.25
2016-09-14,45.85,392.5,1552.25
2016-09-15,46.59,392.5,1559.75
2016-09-16,45.77,387.5,1559.5
2016-09-19,45.95,387.5,1558.25
2016-09-20,45.88,387.5,1562.5
2016-09-21,46.83,387.5,1569.5
2016-09-22,47.65,387.5,1611.25
2016-09-23,45.89,377.5,1637.25
2016-09-26,47.35,377.5,1619.75
2016-09-27,45.97,377.5,1647.75
2016-09-28,48.69,377.5,1648.25
2016-09-29,49.24,377.5,1652.75
2016-09-30,49.06,377.5,1658.25
2016-10-03,50.89,377.5,1649.5
2016-10-04,50.87,377.5,1670.25
2016-10-05,51.86,377.5,1662.25
2016-10-06,52.51,377.5,1667.25
2016-10-07,51.93,377.5,1674.0
2016-10-10,53.14,377.5,1677.5
2016-10-11,52.41,377.5,1672.75
2016-10-12,51.81,377.5,1683.75
2016-10-13,52.03,377.5,1680.5
2016-10-14,51.95,385.5,1684.5
2016-10-17,51.52,385.5,1644.75
2016-10-18,51.68,385.5,1663.25
2016-10-19,52.67,385.5,1621.5
2016-10-20,51.38,385.5,1612.25
2016-10-21,51.78,396.5,1616.5
2016-10-24,51.46,396.5,1626.25
2016-10-25,50.79,396.5,1650.5
2016-10-26,49.98,396.5,1672.5
2016-10-27,50.47,396.5,1681.25
2016-10-28,49.71,415.0,1701.25
2016-10-31,48.3,415.0,1722.75
2016-11-01,48.14,415.0,1731.5
2016-11-02,46.86,415.0,1708.5
2016-11-03,46.35,415.0,1725.5
2016-11-04,45.58,442.5,1718.0
2016-11-07,46.15,442.5,1715.0
2016-11-08,46.04,442.5,1705.75
2016-11-09,46.36,442.5,1737.0
2016-11-10,45.84,442.5,1772.25
2016-11-11,44.75,475.0,1776.75
2016-11-14,44.43,475.0,1764.5
2016-11-15,46.95,475.0,1726.0
2016-11-16,46.63,475.0,1718.75
2016-11-17,46.49,475.0,1692.25
2016-11-18,46.86,467.5,1711.75
2016-11-21,48.9,467.5,1725.5
2016-11-22,49.12,467.5,1738.5
2016-11-23,48.95,467.5,1765.25
2016-11-24,49.0,467.5,1773.5
2016-11-25,47.24,475.0,1750.5
2016-11-28,48.24,475.0,1766.25
2016-11-29,46.38,475.0,1721.75
2016-11-30,50.47,475.0,1722.25
2016-12-01,53.94,475.0,1723.0
2016-12-02,54.46,490.0,1714.75
2016-12-05,54.94,490.0,1727.5
2016-12-06,53.93,490.0,1717.0
2016-12-07,53.0,490.0,1727.75
2016-12-08,53.89,490.0,1731.0
2016-12-09,54.33,500.0,1742.25
2016-12-12,55.69,500.0,1749.25
2016-12-13,55.72,500.0,1754.75
2016-12-14,53.9,500.0,1751.75
2016-12-15,54.02,500.0,1735.5
2016-12-16,55.21,517.5,1732.25
2016-12-19,54.92,517.5,1716.75
2016-12-20,55.35,517.5,1722.25
2016-12-21,54.46,517.5,1730.25
2016-12-22,55.05,517.5,1737.25
2016-12-23,55.16,515.0,1739.5
2016-12-26,,515.0,1726.25
2016-12-27,56.09,515.0,1726.25
2016-12-28,56.22,515.0,1726.25
2016-12-29,56.14,515.0,1712.75
2016-12-30,56.82,490.0,1713.25
2017-01-02,56.82,490.0,1701.5
2017-01-03,55.47,490.0,1701.5
2017-01-04,56.46,490.0,1700.5
2017-01-05,56.89,490.0,1709.25
2017-01-06,57.1,485.0,1721.75
2017-01-09,54.94,485.0,1716.75
2017-01-10,53.64,485.0,1757.25
2017-01-11,55.1,485.0,1748.0
2017-01-12,56.01,485.0,1787.5
2017-01-13,55.45,495.0,1790.25
2017-01-16,55.86,495.0,1811.75
2017-01-17,55.47,495.0,1805.25
2017-01-18,53.92,495.0,1800.25
2017-01-19,54.16,495.0,1831.0
2017-01-20,55.49,495.0,1838.75
2017-01-23,55.23,495.0,1869.0
2017-01-24,55.44,495.0,1869.5
2017-01-25,55.08,495.0,1848.75
2017-01-26,56.24,495.0,1837.25
2017-01-27,55.52,500.0,1827.0
2017-01-30,55.23,500.0,1806.5
2017-01-31,55.7,500.0,1820.0
2017-02-01,56.8,500.0,1817.25
2017-02-02,56.56,500.0,1812.75
2017-02-03,56.81,500.0,1808.25
2017-02-06,55.72,500.0,1811.5
2017-02-07,55.05,500.0,1808.5
2017-02-08,55.12,500.0,1820.75
2017-02-09,55.63,500.0,1838.75
2017-02-10,56.7,497.5,1848.5
2017-02-13,55.59,497.5,1867.25
2017-02-14,55.97,497.5,1892.5
2017-02-15,55.75,497.5,1870.75
2017-02-16,55.65,497.5,1877.5
2017-02-17,55.81,502.5,1865.25
2017-02-20,56.18,502.5,1877.75
2017-02-21,56.66,502.5,1877.75
2017-02-22,55.84,502.5,1872.75
2017-02-23,56.58,502.5,1882.25
2017-02-24,55.99,515.0,1876.5
2017-02-27,55.93,515.0,1907.5
2017-02-28,55.59,515.0,1894.75
2017-03-01,56.36,515.0,1933.75
2017-03-02,55.08,515.0,1928.0
2017-03-03,55.9,512.5,1908.0
2017-03-06,56.01,512.5,1867.5
2017-03-07,55.92,512.5,1857.75
2017-03-08,53.11,512.5,1880.75
2017-03-09,52.19,512.5,1846.75
2017-03-10,51.37,502.5,1884.25
2017-03-13,51.35,502.5,1881.5
2017-03-14,50.92,497.5,1850.5
2017-03-15,51.81,497.5,1862.5
2017-03-16,51.74,497.5,1894.75
2017-03-17,51.76,497.5,1900.5
2017-03-20,51.62,497.5,1907.75
2017-03-21,50.96,492.5,1917.0
2017-03-22,50.64,492.5,1909.0
2017-03-23,50.56,492.5,1912.5
2017-03-24,50.8,492.5,1917.25
2017-03-27,50.75,492.5,1915.5
2017-03-28,51.33,475.0,1918.25
2017-03-29,52.42,475.0,1930.75
2017-03-30,52.96,475.0,1954.75
2017-03-31,52.83,475.0,1946.25
2017-04-03,53.12,475.0,1948.25
2017-04-04,54.17,475.0,1937.5
2017-04-05,54.36,475.0,1961.0
2017-04-06,54.89,475.0,1955.75
2017-04-07,55.24,475.0,1929.25
2017-04-10,55.98,475.0,1928.75
2017-04-11,56.23,442.5,1907.25
2017-04-12,55.86,442.5,1906.75
2017-04-13,55.89,442.5,1889.75
2017-04-14,,442.5,1915.25
2017-04-17,55.36,442.5,1915.25
2017-04-18,54.89,417.5,1915.25
2017-04-19,52.93,417.5,1895.0
2017-04-20,52.99,417.5,1932.75
2017-04-21,51.96,417.5,1932.25
2017-04-24,51.6,417.5,1927.75
2017-04-25,52.1,422.5,1942.5
2017-04-26,51.82,422.5,1957.25
2017-04-27,51.44,422.5,1954.25
2017-04-28,51.73,422.5,1929.75
2017-05-01,51.52,422.5,1908.0
2017-05-02,50.46,430.0,1908.0
2017-05-03,50.79,430.0,1915.5
2017-05-04,48.38,430.0,1909.25
2017-05-05,49.1,430.0,1906.5
2017-05-08,49.34,430.0,1878.75
2017-05-09,48.73,420.0,1873.75
2017-05-10,50.22,420.0,1869.75
2017-05-11,50.77,420.0,1886.0
2017-05-12,50.84,420.0,1879.5
2017-05-15,51.82,420.0,1899.25
2017-05-16,51.65,425.0,1914.5
2017-05-17,52.21,425.0,1927.5
2017-05-18,52.51,425.0,1904.5
2017-05-19,53.61,425.0,1937.75
2017-05-22,53.87,425.0,1942.0
2017-05-23,54.15,445.0,1925.75
2017-05-24,53.96,445.0,1943.5
2017-05-25,51.46,445.0,1953.5
2017-05-26,52.15,445.0,1949.5
2017-05-29,52.29,445.0,1943.25
2017-05-30,51.84,445.0,1943.25
2017-05-31,50.31,445.0,1919.25
2017-06-01,50.63,445.0,1929.5
2017-06-02,49.95,445.0,1916.25
2017-06-05,49.47,445.0,1917.25
2017-06-06,50.12,432.5,1892.5
2017-06-07,48.06,432.5,1903.25
2017-06-08,47.86,432.5,1902.25
2017-06-09,48.15,432.5,1901.25
2017-06-12,48.29,432.5,1887.5
2017-06-13,48.72,437.5,1876.5
2017-06-14,47.0,437.5,1886.25
2017-06-15,46.92,437.5,1863.75
2017-06-16,47.37,437.5,1860.0
2017-06-19,46.91,437.5,1861.25
2017-06-20,46.02,447.5,1888.5
2017-06-21,44.82,447.5,1865.0
2017-06-22,45.22,447.5,1871.75
2017-06-23,45.54,447.5,1867.5
2017-06-26,45.83,447.5,1854.75
2017-06-27,46.65,455.0,1861.25
2017-06-28,47.31,455.0,1885.75
2017-06-29,47.42,455.0,1897.25
2017-06-30,47.92,455.0,1908.25
2017-07-03,49.68,455.0,1917.25
2017-07-04,49.61,470.0,1903.25
2017-07-05,47.79,470.0,1912.75
2017-07-06,48.11,470.0,1925.25
2017-07-07,46.71,470.0,1919.5
2017-07-10,46.88,470.0,1913.75
2017-07-11,47.52,480.0,1878.5
2017-07-12,47.74,480.0,1876.0
2017-07-13,48.42,480.0,1910.75
2017-07-14,48.91,480.0,1903.0
2017-07-17,48.42,480.0,1900.75
2017-07-18,48.84,491.5,1886.5
2017-07-19,49.7,491.5,1906.5
2017-07-20,49.3,491.5,1897.75
2017-07-21,48.06,491.5,1900.75
2017-07-24,48.6,491.5,1889.75
2017-07-25,50.2,500.0,1896.25
2017-07-26,50.97,500.0,1911.75
2017-07-27,51.49,500.0,1922.75
2017-07-28,52.52,500.0,1891.5
2017-07-31,52.65,500.0,1903.5
2017-08-01,51.78,510.0,1886.5
2017-08-02,52.36,510.0,1903.0
2017-08-03,52.01,510.0,1891.25
2017-08-04,52.42,510.0,1889.0
2017-08-07,52.37,510.0,1919.5
2017-08-08,52.14,530.0,1980.5
2017-08-09,52.7,530.0,2017.5
2017-08-10,51.9,530.0,2023.5
2017-08-11,52.1,530.0,2040.0
2017-08-14,50.73,530.0,2029.75
2017-08-15,50.8,548.0,2055.5
2017-08-16,50.27,548.0,2074.75
2017-08-17,51.03,548.0,2095.0
2017-08-18,52.72,548.0,2104.25
2017-08-21,51.66,548.0,2084.25
2017-08-22,51.87,555.0,2104.25
2017-08-23,52.57,555.0,2082.25
2017-08-24,52.04,555.0,2104.5
2017-08-25,52.41,555.0,2096.0
2017-08-28,51.89,555.0,2091.0
2017-08-29,52.0,555.0,2091.0
2017-08-30,50.86,555.0,2066.25
2017-08-31,52.38,555.0,2113.25
2017-09-01,52.75,555.0,2113.25
2017-09-04,52.34,555.0,2095.25
2017-09-05,53.38,562.5,2081.5
2017-09-06,54.2,562.5,2069.25
2017-09-07,54.49,562.5,2074.5
2017-09-08,53.78,562.5,2071.5
2017-09-11,53.84,562.5,2100.25
2017-09-12,54.27,587.5,2082.75
2017-09-13,55.16,587.5,2082.5
2017-09-14,55.47,587.5,2064.5
2017-09-15,55.62,587.5,2067.75
2017-09-18,55.48,587.5,2066.25
2017-09-19,55.14,590.0,2107.25
2017-09-20,56.29,590.0,2163.75
2017-09-21,56.43,590.0,2153.5
2017-09-22,56.86,590.0,2136.5
2017-09-25,59.02,590.0,2127.75
2017-09-26,58.44,572.5,2115.75
2017-09-27,57.9,572.5,2116.75
2017-09-28,57.41,572.5,2102.25
2017-09-29,57.54,572.5,2110.25
2017-10-02,56.12,572.5,2066.5
2017-10-03,56.0,572.5,2114.25
2017-10-04,55.8,572.5,2139.0
2017-10-05,57.0,572.5,2123.0
2017-10-06,55.62,572.5,2121.25
2017-10-09,55.79,572.5,2134.5
2017-10-10,56.61,555.0,2132.75
2017-10-11,56.94,555.0,2123.5
2017-10-12,56.25,555.0,2117.25
2017-10-13,57.17,555.0,2139.5
2017-10-16,57.82,560.7,2143.75
2017-10-17,57.88,561.65,2110.75
2017-10-18,58.15,567.77,2106.25
2017-10-19,57.23,567.77,2128.25
2017-10-20,57.75,565.83,2158.75
2017-10-23,57.37,560.28,2133.0
2017-10-24,58.33,564.72,2143.75
2017-10-25,58.44,561.47,2149.25
2017-10-26,59.3,555.68,2174.5
2017-10-27,60.44,551.83,2118.5
2017-10-30,60.9,539.38,2142.5
2017-10-31,61.37,545.14,2139.75
2017-11-01,60.49,544.24,2187.5
2017-11-02,60.62,545.26,2151.75
2017-11-03,62.07,544.62,2164.0
2017-11-06,64.27,544.44,2151.5
2017-11-07,63.69,548.9,2130.5
2017-11-08,63.49,545.0,2103.25
2017-11-09,63.93,545.62,2077.75
2017-11-10,63.52,544.58,2089.5
2017-11-13,63.16,545.09,2099.5
2017-11-14,62.21,546.88,2084.75
2017-11-15,61.87,546.54,2081.75
2017-11-16,61.36,551.0,2105.75
2017-11-17,62.72,544.68,2076.75
2017-11-20,62.22,549.25,2067.25
2017-11-21,62.57,552.5,2061.0
2017-11-22,63.32,550.42,2084.75
2017-11-23,63.55,550.75,2089.0
2017-11-24,63.86,551.25,2103.5
2017-11-27,63.84,557.0,2109.25
2017-11-28,63.61,556.72,2099.75
2017-11-29,63.11,553.81,2061.0
2017-11-30,63.57,560.63,2032.75
2017-12-01,63.73,561.25,2046.25
2017-12-04,62.45,560.0,2052.25
2017-12-05,62.86,569.11,2051.75
2017-12-06,61.22,572.5,2028.25
2017-12-07,62.2,565.42,1993.75
2017-12-08,63.4,572.23,1991.75
2017-12-11,64.69,577.5,1991.0
2017-12-12,63.34,575.63,2003.5
2017-12-13,62.44,577.17,1996.75
2017-12-14,63.31,579.3,2016.0
2017-12-15,63.23,574.58,2035.75
2017-12-18,63.41,579.31,2047.0
2017-12-19,63.8,578.78,2060.75
2017-12-20,64.56,577.2,2091.75
2017-12-21,64.9,575.83,2108.25
2017-12-22,65.25,578.17,2136.5
2017-12-25,,574.69,2199.25
2017-12-26,67.02,577.29,2199.25
2017-12-27,66.44,579.75,2199.25
2017-12-28,66.72,576.88,2245.5
2017-12-29,66.87,571.88,2241.25
2018-01-01,,571.88,2255.75
2018-01-02,66.57,576.3,2255.75
2018-01-03,67.84,573.93,2240.5
2018-01-04,68.07,572.83,2229.0
2018-01-05,67.62,570.13,2205.25
2018-01-08,67.78,566.33,2177.25
2018-01-09,68.82,574.8,2143.25
2018-01-10,69.2,575.75,2158.75
2018-01-11,69.26,570.75,2178.5
2018-01-12,69.87,569.67,2214.5
2018-01-15,70.26,570.04,2227.25
2018-01-16,69.15,570.87,2171.75
2018-01-17,69.38,568.31,2186.75
2018-01-18,69.31,565.8,2224.5
2018-01-19,68.61,568.59,2255.5
2018-01-22,69.03,572.58,2234.5
2018-01-23,69.96,578.21,2213.25
2018-01-24,70.53,577.0,2215.0
2018-01-25,70.42,577.75,2237.25
2018-01-26,70.52,577.0,2237.5
2018-01-29,69.46,578.67,2251.25
2018-01-30,69.02,577.75,2228.5
2018-01-31,69.05,577.1,2224.25
2018-02-01,69.65,579.08,2217.75
2018-02-02,68.58,580.58,2227.5
2018-02-05,67.62,583.04,2201.75
2018-02-06,66.86,584.71,2195.75
2018-02-07,65.51,589.75,2181.0
2018-02-08,64.81,590.6,2167.75
2018-02-09,62.79,591.5,2141.75
2018-02-12,62.59,591.5,2129.25
2018-02-13,62.72,591.5,2123.0
2018-02-14,64.36,591.5,2137.75
2018-02-15,64.33,591.5,2163.5
2018-02-16,64.84,591.5,2189.25
2018-02-19,65.67,591.5,2265.5
2018-02-20,65.25,591.5,2238.75
2018-02-21,65.42,591.5,2189.75
2018-02-22,66.39,592.83,2193.75
2018-02-23,67.31,593.94,2209.5
2018-02-26,67.5,598.66,2188.25
2018-02-27,66.63,600.15,2172.0
2018-02-28,65.78,601.3,2158.25
2018-03-01,63.83,610.02,2142.5
2018-03-02,64.37,610.75,2143.5
2018-03-05,65.54,612.58,2134.75
2018-03-06,65.79,620.81,2135.75
2018-03-07,64.34,612.0,2112.25
2018-03-08,63.61,611.04,2082.25
2018-03-09,65.49,608.13,2078.25
2018-03-12,64.95,592.78,2096.75
2018-03-13,64.64,591.03,2079.75
2018-03-14,64.89,591.19,2095.75
2018-03-15,65.12,591.67,2062.25
2018-03-16,66.21,595.57,2068.5
2018-03-19,66.05,591.94,2070.25
2018-03-20,67.42,590.83,2072.5
2018-03-21,69.47,590.29,2056.25
2018-03-22,68.91,594.82,2058.0
2018-03-23,70.45,585.86,2048.5
2018-03-26,70.12,571.56,2021.75
2018-03-27,70.11,574.04,2034.75
2018-03-28,69.53,571.21,2008.5
2018-03-29,70.27,573.25,1996.75
2018-03-30,,575.5,2009.0
2018-04-02,67.64,577.7,2009.0
2018-04-03,68.12,578.75,2009.0
2018-04-04,68.02,579.55,1971.5
2018-04-05,68.33,579.55,1968.5
2018-04-06,67.11,579.55,1966.5
2018-04-09,68.65,578.69,2112.5
2018-04-10,71.04,578.28,2171.25
2018-04-11,72.06,580.52,2252.0
2018-04-12,72.02,578.69,2220.0
2018-04-13,72.58,578.5,2324.75
2018-04-16,71.42,578.17,2358.25
2018-04-17,71.58,576.88,2375.25
2018-04-18,73.48,578.71,2528.0
2018-04-19,73.78,579.38,2600.0
2018-04-20,74.06,581.98,2462.0
2018-04-23,74.71,597.5,2451.75
2018-04-24,73.86,594.43,2221.5
2018-04-25,74.0,591.79,2247.5
2018-04-26,74.74,587.68,2203.75
2018-04-27,74.64,585.83,2248.5
2018-04-30,75.17,585.83,2223.5
2018-05-01,73.13,585.83,2257.75
2018-05-02,73.36,587.5,2268.5
2018-05-03,73.62,586.37,2348.5
2018-05-04,74.87,586.83,2315.5
2018-05-07,76.17,589.79,2383.0
2018-05-08,74.85,588.5,2383.0
2018-05-09,77.21,586.9,2294.0
2018-05-10,77.47,583.3,2326.0
2018-05-11,77.12,585.47,2273.0
2018-05-14,78.23,585.42,2285.25
2018-05-15,78.43,588.88,2312.5
2018-05-16,79.28,588.75,2319.25
2018-05-17,79.3,591.19,2279.5
2018-05-18,78.51,590.21,2296.75
2018-05-21,79.22,591.25,2278.25
2018-05-22,79.57,590.63,2265.25
2018-05-23,79.8,586.43,2226.5
2018-05-24,78.79,586.22,2270.5
2018-05-25,76.44,586.2,2281.0
2018-05-28,75.3,589.58,2259.75
2018-05-29,75.39,590.63,2259.75
2018-05-30,77.5,591.46,2265.0
2018-05-31,77.59,589.61,2285.25
2018-06-01,76.79,588.69,2270.5
2018-06-04,75.29,591.46,2324.25
2018-06-05,75.38,590.5,2314.25
2018-06-06,75.36,592.5,2317.25
2018-06-07,77.32,593.33,2330.75
2018-06-08,76.46,593.75,2287.25
2018-06-11,76.46,594.25,2299.5
2018-06-12,75.88,595.25,2308.75
2018-06-13,76.74,594.67,2277.75
2018-06-14,75.94,593.51,2277.25
2018-06-15,73.44,593.56,2239.0
2018-06-18,75.34,593.56,2220.25
2018-06-19,75.08,596.18,2178.75
2018-06-20,74.74,597.92,2178.5
2018-06-21,73.05,596.0,2166.5
2018-06-22,75.55,595.0,2165.75
2018-06-25,74.73,596.25,2171.5
2018-06-26,76.31,596.08,2151.5
2018-06-27,77.62,594.13,2204.25
2018-06-28,77.85,594.58,2172.75
2018-06-29,79.44,591.46,2182.75
2018-07-02,77.3,591.25,2152.5
2018-07-03,77.76,589.69,2164.0
2018-07-04,78.24,588.5,2120.25
2018-07-05,77.39,586.25,2126.5
2018-07-06,77.11,585.0,2098.25
2018-07-09,78.07,579.17,2135.25
2018-07-10,78.86,577.22,2140.25
2018-07-11,73.4,580.0,2120.25
2018-07-12,74.45,580.63,2104.25
2018-07-13,75.33,580.0,2101.0
2018-07-16,71.84,578.52,2127.5
2018-07-17,72.16,580.32,2109.75
2018-07-18,72.9,580.0,2039.0
2018-07-19,72.58,579.33,2061.0
2018-07-20,73.07,579.82,2074.75
2018-07-23,73.06,578.42,2129.0
2018-07-24,73.44,575.61,2081.0
2018-07-25,73.93,575.98,2056.25
2018-07-26,74.54,576.25,2053.75
2018-07-27,74.29,575.0,2054.0
2018-07-30,74.97,575.83,2053.0
2018-07-31,74.25,574.87,2060.75
2018-08-01,72.39,575.0,2035.5
2018-08-02,73.45,575.0,2022.5
2018-08-03,73.21,574.0,2015.0
2018-08-06,73.75,573.92,2000.25
2018-08-07,74.65,571.97,2026.25
2018-08-08,72.28,572.21,2021.5
2018-08-09,72.07,567.21,2117.5
2018-08-10,72.81,569.18,2038.75
2018-08-13,72.61,570.83,2051.75
2018-08-14,72.46,571.26,2037.75
2018-08-15,70.76,571.63,1994.0
2018-08-16,71.43,570.39,1997.5
2018-08-17,71.83,570.67,1998.5
2018-08-20,72.21,570.0,2032.5
2018-08-21,72.63,571.67,2040.25
2018-08-22,74.78,573.76,2038.25
2018-08-23,74.73,574.79,2021.25
2018-08-24,75.82,575.5,2061.75
2018-08-27,76.21,577.5,2087.75
2018-08-28,75.95,577.5,2087.75
2018-08-29,77.14,576.76,2115.5
2018-08-30,77.77,575.84,2126.5
2018-08-31,77.42,574.21,2111.75
2018-09-03,78.15,575.67,2083.0
2018-09-04,78.17,575.79,2039.75
2018-09-05,77.27,575.0,2045.75
2018-09-06,76.5,574.68,2030.25
2018-09-07,76.83,574.47,2029.0
2018-09-10,77.37,572.32,1999.0
2018-09-11,79.06,572.0,2034.5
2018-09-12,79.74,571.77,1981.25
2018-09-13,78.18,569.74,2014.0
2018-09-14,78.09,569.61,2015.25
2018-09-17,78.05,570.0,1984.75
2018-09-18,79.03,568.91,2011.5
2018-09-19,79.4,568.92,1980.5
2018-09-20,78.7,566.25,2018.25
2018-09-21,78.8,565.75,2033.0
2018-09-24,81.2,565.75,2034.75
2018-09-25,81.87,565.19,2019.0
2018-09-26,81.34,565.31,2056.25
2018-09-27,81.72,563.25,2029.0
2018-09-28,82.72,560.0,2011.25
2018-10-01,84.98,560.0,2047.25
2018-10-02,84.8,560.0,2079.75
2018-10-03,86.29,560.0,2166.25
2018-10-04,84.58,560.0,2243.25
2018-10-05,84.16,560.0,2139.75
2018-10-08,83.91,561.5,2073.25
2018-10-09,85.0,555.63,2031.25
2018-10-10,83.09,555.0,2028.5
2018-10-11,80.26,555.63,2023.75
2018-10-12,80.43,554.38,2044.75
2018-10-15,80.78,555.0,2027.75
2018-10-16,81.41,555.0,2021.5
2018-10-17,80.05,553.13,2017.75
2018-10-18,79.29,552.92,2007.25
2018-10-19,79.78,549.38,2022.25
2018-10-22,79.83,544.38,2002.25
2018-10-23,76.44,545.0,1996.5
2018-10-24,76.17,539.42,1987.25
2018-10-25,76.89,535.5,1980.5
2018-10-26,77.62,535.5,1960.5
2018-10-29,77.34,534.33,1980.25
2018-10-30,75.91,533.67,1951.5
2018-10-31,75.47,532.0,1945.75
2018-11-01,72.89,531.17,1960.0
2018-11-02,72.83,530.0,1966.75
2018-11-05,73.17,530.31,1958.5
2018-11-06,72.13,530.0,1949.0
2018-11-07,72.07,530.0,1951.0
2018-11-08,70.65,526.0,1976.0
2018-11-09,70.18,523.33,1964.0
2018-11-12,70.12,520.33,1933.5
2018-11-13,65.47,516.55,1924.75
2018-11-14,66.12,512.0,1930.5
2018-11-15,66.62,505.0,1916.5
2018-11-16,66.76,504.17,1913.75
2018-11-19,66.79,503.75,1917.75
2018-11-20,62.53,500.0,1926.5
2018-11-21,63.48,496.2,1944.5
2018-11-22,62.6,495.3,1941.25
2018-11-23,58.8,490.0,1922.25
2018-11-26,60.48,486.67,1919.0
2018-11-27,60.21,485.0,1924.75
2018-11-28,58.76,482.5,1912.0
2018-11-29,59.51,482.5,1932.0
2018-11-30,58.71,477.5,1934.75
2018-12-03,61.69,477.0,1982.25
2018-12-04,62.08,478.13,1984.75
2018-12-05,61.56,477.81,1966.25
2018-12-06,60.06,468.81,1944.0
2018-12-07,61.67,475.5,1961.5
2018-12-10,59.97,478.33,1950.5
2018-12-11,60.2,475.0,1949.25
2018-12-12,60.15,475.5,1927.5
2018-12-13,61.45,477.88,1923.5
2018-12-14,60.28,475.83,1907.5
2018-12-17,59.61,475.63,1937.25
2018-12-18,56.26,481.25,1939.5
2018-12-19,57.24,485.0,1927.5
2018-12-20,54.35,482.5,1923.0
2018-12-21,53.82,482.17,1919.5
2018-12-24,50.47,482.5,1898.25
2018-12-25,,485.0,1897.5
2018-12-26,54.47,485.0,1897.5
2018-12-27,52.16,483.13,1897.5
2018-12-28,52.2,482.71,1880.5
2018-12-31,53.8,482.71,1869.0
2019-01-01,,482.71,1857.5
2019-01-02,54.91,480.94,1857.5
2019-01-03,55.95,480.0,1825.25
2019-01-04,57.06,479.3,1878.75
2019-01-07,57.33,479.5,1857.75
2019-01-08,58.72,480.0,1836.5
2019-01-09,61.44,480.0,1841.75
2019-01-10,61.68,479.0,1843.0
2019-01-11,60.48,479.55,1815.5
2019-01-14,58.99,480.33,1775.25
2019-01-15,60.64,480.63,1810.25
2019-01-16,61.32,480.42,1839.25
2019-01-17,61.18,480.0,1803.5
2019-01-18,62.7,480.0,1850.5
2019-01-21,62.74,487.0,1842.25
2019-01-22,61.5,488.67,1867.25
2019-01-23,61.14,485.83,1877.25
2019-01-24,61.09,488.75,1850.5
2019-01-25,61.64,495.08,1866.0
2019-01-28,59.93,495.83,1859.75
2019-01-29,61.32,495.94,1852.5
2019-01-30,61.65,497.4,1870.75
2019-01-31,61.89,497.4,1880.25
2019-02-01,62.75,497.4,1872.0
2019-02-04,62.51,497.4,1839.75
2019-02-05,61.98,497.4,1896.25
2019-02-06,62.69,497.4,1886.25
2019-02-07,61.63,497.4,1862.25
2019-02-08,62.1,497.4,1864.75
2019-02-11,61.51,519.17,1847.5
2019-02-12,62.42,510.21,1840.25
2019-02-13,63.61,511.25,1839.5
2019-02-14,64.57,515.25,1828.75
2019-02-15,66.25,520.8,1828.25
2019-02-18,66.5,512.5,1822.0
2019-02-19,66.45,514.5,1833.25
2019-02-20,67.08,515.5,1829.25
2019-02-21,67.07,517.08,1858.0
2019-02-22,67.12,516.82,1890.25
2019-02-25,64.76,522.92,1885.75
2019-02-26,65.21,520.42,1869.5
2019-02-27,66.39,526.69,1898.25
2019-02-28,66.03,526.88,1892.75
2019-03-01,65.07,527.67,1890.25
2019-03-04,65.67,527.5,1859.25
2019-03-05,65.86,534.58,1868.25
2019-03-06,65.99,534.5,1845.75
2019-03-07,66.3,533.75,1840.75
2019-03-08,65.74,535.0,1847.0
2019-03-11,66.58,528.0,1829.5
2019-03-12,66.67,535.17,1850.5
2019-03-13,67.55,534.79,1872.75
2019-03-14,67.23,538.0,1873.25
2019-03-15,67.16,537.5,1867.5
2019-03-18,67.54,536.67,1878.5
2019-03-19,67.61,538.25,1907.25
2019-03-20,68.5,537.08,1922.5
2019-03-21,67.86,534.38,1890.75
2019-03-22,67.03,530.5,1866.75
2019-03-25,67.21,531.82,1855.75
2019-03-26,67.97,530.25,1849.25
2019-03-27,67.83,531.19,1898.25
2019-03-28,67.82,530.25,1896.0
2019-03-29,68.39,530.0,1899.75
2019-04-01,69.01,527.81,1887.75
2019-04-02,69.37,519.5,1857.75
2019-04-03,69.31,522.0,1864.5
2019-04-04,69.4,526.67,1871.5
2019-04-05,70.34,526.67,1863.5
2019-04-08,71.1,533.75,1858.25
2019-04-09,70.61,535.13,1850.5
2019-04-10,71.73,531.88,1851.5
2019-04-11,70.83,531.65,1847.0
2019-04-12,71.55,532.58,1843.25
2019-04-15,71.18,534.06,1843.25
2019-04-16,71.72,535.1,1838.5
2019-04-17,71.62,532.31,1840.25
2019-04-18,71.97,532.46,1838.75
2019-04-19,,532.5,1854.75
2019-04-22,74.04,531.73,1854.75
2019-04-23,74.51,531.83,1854.75
2019-04-24,74.57,531.4,1853.5
2019-04-25,74.35,527.69,1851.0
2019-04-26,72.15,527.75,1831.75
2019-04-29,72.04,526.03,1815.5
2019-04-30,72.8,529.17,1808.5
2019-05-01,72.18,529.17,1775.25
2019-05-02,70.75,529.17,1800.0
2019-05-03,70.85,529.17,1783.25
2019-05-06,71.24,525.92,1766.5
2019-05-07,69.88,527.5,1766.5
2019-05-08,70.37,524.3,1760.75
2019-05-09,70.39,523.75,1766.25
2019-05-10,70.62,523.77,1764.5
2019-05-13,70.23,520.75,1765.25
2019-05-14,71.24,520.2,1791.75
2019-05-15,71.77,520.2,1801.75
2019-05-16,72.62,520.0,1831.0
2019-05-17,72.21,520.63,1804.75
2019-05-20,71.97,513.25,1785.75
2019-05-21,72.18,513.75,1765.75
2019-05-22,70.99,512.5,1746.5
2019-05-23,67.76,508.75,1739.5
2019-05-24,68.69,505.5,1761.25
2019-05-27,70.11,504.31,1772.75
2019-05-28,70.11,503.77,1772.75
2019-05-29,69.45,503.83,1769.0
2019-05-30,66.87,502.17,1761.75
2019-05-31,64.49,500.94,1760.75
2019-06-03,61.28,500.94,1763.25
2019-06-04,61.97,497.7,1751.25
2019-06-05,60.63,493.63,1765.75
2019-06-06,61.67,493.27,1742.25
2019-06-07,63.29,493.27,1732.5
2019-06-10,62.29,493.75,1720.25
2019-06-11,62.29,493.38,1754.25
2019-06-12,59.97,493.0,1753.25
2019-06-13,61.31,488.42,1755.75
2019-06-14,62.01,489.42,1737.25
2019-06-17,60.94,484.33,1719.25
2019-06-18,62.14,484.75,1732.5
2019-06-19,61.82,484.75,1746.25
2019-06-20,64.45,485.0,1777.5
2019-06-21,65.2,485.58,1743.0
2019-06-24,64.86,492.92,1747.0
2019-06-25,65.05,496.46,1776.25
2019-06-26,66.49,499.35,1802.5
2019-06-27,66.55,496.83,1781.0
2019-06-28,66.55,503.15,1773.25
2019-07-01,65.06,509.25,1777.5
2019-07-02,62.4,507.05,1755.0
2019-07-03,63.82,509.17,1754.25
2019-07-04,63.3,508.75,1771.25
2019-07-05,64.23,508.5,1779.25
2019-07-08,64.11,507.63,1782.75
2019-07-09,64.16,509.75,1782.75
2019-07-10,67.01,507.92,1811.25
2019-07-11,66.52,507.5,1806.75
2019-07-12,66.72,506.98,1799.25
2019-07-15,66.48,507.5,1809.75
2019-07-16,64.35,505.19,1817.75
2019-07-17,63.66,507.4,1818.5
2019-07-18,61.93,508.69,1827.25
2019-07-19,62.47,507.75,1832.75
2019-07-22,63.26,507.5,1807.75
2019-07-23,63.83,506.5,1794.75
2019-07-24,63.18,506.5,1795.25
2019-07-25,63.39,506.75,1795.25
2019-07-26,63.46,507.33,1777.0
2019-07-29,63.71,505.38,1774.25
2019-07-30,64.72,505.1,1781.25
2019-07-31,65.17,503.25,1776.25
2019-08-01,60.5,503.85,1756.75
2019-08-02,61.89,500.5,1748.75
2019-08-05,59.81,496.67,1739.0
2019-08-06,58.94,493.39,1740.25
2019-08-07,56.23,493.13,1727.75
2019-08-08,57.38,493.08,1737.25
2019-08-09,58.53,489.88,1745.75
2019-08-12,58.57,485.31,1742.75
2019-08-13,61.3,481.75,1730.75
2019-08-14,59.48,481.88,1740.75
2019-08-15,58.23,480.5,1742.25
2019-08-16,58.64,482.17,1755.25
2019-08-19,59.74,482.0,1762.25
2019-08-20,60.03,481.65,1756.0
2019-08-21,60.3,478.31,1750.75
2019-08-22,59.92,473.25,1738.5
2019-08-23,59.34,472.06,1745.5
2019-08-26,58.7,469.06,1743.5
2019-08-27,59.51,466.13,1743.5
2019-08-28,60.49,463.75,1723.75
2019-08-29,61.08,463.94,1713.25
2019-08-30,60.43,462.0,1712.25
2019-09-02,58.66,465.5,1716.25
2019-09-03,58.26,464.5,1714.25
2019-09-04,60.7,462.5,1734.25
2019-09-05,60.95,465.77,1754.0
2019-09-06,61.54,462.9,1761.25
2019-09-09,62.59,463.25,1768.75
2019-09-10,62.38,461.92,1775.75
2019-09-11,60.81,460.38,1792.25
2019-09-12,60.38,460.96,1773.5
2019-09-13,60.22,460.96,1767.5
2019-09-16,69.02,460.25,1770.25
2019-09-17,64.55,460.13,1746.25
2019-09-18,63.6,460.0,1750.75
2019-09-19,64.4,460.0,1762.25
2019-09-20,64.28,453.13,1765.75
2019-09-23,64.77,455.0,1755.5
2019-09-24,63.1,455.38,1751.0
2019-09-25,62.39,455.0,1735.5
2019-09-26,62.74,452.13,1723.0
2019-09-27,61.91,452.88,1712.5
2019-09-30,60.78,452.2,1703.25
2019-10-01,58.89,452.2,1705.25
2019-10-02,57.69,452.2,1696.5
2019-10-03,57.71,452.2,1696.75
2019-10-04,58.37,452.2,1701.25
2019-10-07,58.35,452.2,1712.5
2019-10-08,58.24,452.92,1731.75
2019-10-09,58.32,449.58,1728.75
2019-10-10,59.1,450.1,1737.75
2019-10-11,60.51,449.5,1720.5
2019-10-14,59.35,447.67,1704.25
2019-10-15,58.74,442.27,1701.75
2019-10-16,59.42,441.0,1703.25
2019-10-17,59.91,439.33,1725.5
2019-10-18,59.42,432.69,1728.5
2019-10-21,58.96,430.0,1735.25
2019-10-22,59.7,429.79,1707.25
2019-10-23,61.17,428.38,1711.75
2019-10-24,61.67,428.67,1714.0
2019-10-25,62.02,427.5,1710.25
2019-10-28,61.57,429.92,1726.5
2019-10-29,61.59,433.29,1737.25
2019-10-30,60.61,435.83,1746.25
2019-10-31,60.23,431.75,1742.25
2019-11-01,61.69,430.67,1765.5
2019-11-04,62.13,429.5,1786.75
2019-11-05,62.96,432.0,1813.25
2019-11-06,61.74,434.38,1817.25
2019-11-07,62.29,435.47,1817.25
2019-11-08,62.51,435.6,1827.25
2019-11-11,62.18,434.13,1804.75
2019-11-12,62.06,438.45,1765.25
2019-11-13,62.37,438.52,1767.5
2019-11-14,62.28,439.21,1755.75
2019-11-15,63.3,446.07,1740.5
2019-11-18,62.44,448.68,1743.75
2019-11-19,60.91,451.26,1734.25
2019-11-20,62.4,451.32,1747.5
2019-11-21,63.97,453.03,1752.5
2019-11-22,63.39,454.95,1749.75
2019-11-25,63.65,459.53,1752.5
2019-11-26,64.27,463.32,1750.0
2019-11-27,64.06,457.63,1770.25
2019-11-28,63.87,455.39,1764.75
2019-11-29,62.43,457.37,1785.25
2019-12-02,60.92,457.04,1789.25
2019-12-03,60.82,458.03,1801.75
2019-12-04,63.0,459.26,1770.75
2019-12-05,63.39,459.74,1755.75
2019-12-06,64.39,460.64,1750.25
2019-12-09,64.25,461.78,1765.75
2019-12-10,64.34,467.42,1749.5
2019-12-11,63.72,464.86,1751.25
2019-12-12,64.2,466.32,1754.75
2019-12-13,65.22,472.84,1763.0
2019-12-16,65.34,472.96,1762.75
2019-12-17,66.1,473.21,1753.5
2019-12-18,66.17,474.92,1757.0
2019-12-19,66.54,477.68,1765.25
2019-12-20,66.14,480.39,1770.25
2019-12-23,66.39,477.86,1771.25
2019-12-24,67.2,482.92,1790.25
2019-12-25,,481.18,1788.5
2019-12-26,67.92,483.93,1788.5
2019-12-27,68.16,480.97,1788.5
2019-12-30,68.44,481.0,1790.75
2019-12-31,66.0,484.47,1799.75
2020-01-01,,484.47,1771.5
2020-01-02,66.25,484.75,1771.5
2020-01-03,68.6,484.14,1757.5
2020-01-06,68.91,484.2,1790.5
2020-01-07,68.27,485.53,1793.75
2020-01-08,65.44,486.3,1771.25
2020-01-09,65.37,489.79,1770.75
2020-01-10,64.98,489.47,1771.25
2020-01-13,64.2,490.13,1766.25
2020-01-14,64.49,491.0,1767.25
2020-01-15,64.0,492.84,1778.25
2020-01-16,64.62,495.79,1793.75
2020-01-17,64.85,495.55,1795.75
2020-01-20,65.2,495.95,1806.5
2020-01-21,64.59,495.95,1810.25
2020-01-22,63.21,495.95,1807.25
2020-01-23,62.04,495.95,1781.25
2020-01-24,60.69,495.95,1775.25
2020-01-27,59.32,495.95,1755.25
2020-01-28,59.51,495.95,1744.25
2020-01-29,59.81,495.95,1732.25
2020-01-30,58.29,495.95,1722.25
2020-01-31,58.16,495.95,1709.25
2020-02-03,54.45,482.67,1694.0
2020-02-04,53.96,484.32,1686.75
2020-02-05,55.28,477.35,1687.75
2020-02-06,54.93,475.63,1697.5
2020-02-07,54.47,474.13,1693.25
2020-02-10,53.27,470.07,1675.75
2020-02-11,54.01,470.0,1689.25
2020-02-12,55.79,461.58,1706.75
2020-02-13,56.34,463.68,1701.25
2020-02-14,57.32,459.47,1704.25
2020-02-17,57.67,459.47,1678.25
2020-02-18,57.75,456.67,1680.75
2020-02-19,59.12,449.32,1685.0
2020-02-20,59.31,455.0,1686.5
2020-02-21,58.5,465.36,1676.5
2020-02-24,56.3,464.3,1672.0
2020-02-25,54.95,465.0,1684.0
2020-02-26,53.43,467.26,1676.25
2020-02-27,52.18,465.0,1670.75
2020-02-28,50.52,463.68,1662.75
2020-03-02,51.9,461.17,1684.25
2020-03-03,51.86,462.54,1705.75
2020-03-04,51.13,459.08,1723.0
2020-03-05,49.99,461.0,1714.5
2020-03-06,45.27,459.61,1686.75
2020-03-09,34.36,459.49,1643.25
2020-03-10,37.22,460.0,1688.75
2020-03-11,35.79,456.33,1670.25
2020-03-12,33.22,455.89,1642.5
2020-03-13,33.85,452.89,1676.75
2020-03-16,30.05,452.06,1640.25
2020-03-17,28.73,451.62,1627.75
2020-03-18,24.88,450.79,1602.25
2020-03-19,28.47,444.74,1580.5
2020-03-20,26.98,441.92,1580.25
2020-03-23,27.03,435.36,1536.0
2020-03-24,27.15,430.79,1532.5
2020-03-25,27.39,425.37,1507.5
2020-03-26,26.34,423.47,1507.5
2020-03-27,24.93,421.18,1506.0
2020-03-30,22.76,421.58,1495.0
2020-03-31,22.74,421.58,1489.0
2020-04-01,24.74,412.37,1463.5
2020-04-02,29.94,407.45,1448.5
2020-04-03,34.11,405.37,1452.0
2020-04-06,33.05,405.37,1424.5
2020-04-07,31.87,405.37,1455.5
2020-04-08,32.84,405.37,1421.5
2020-04-09,31.48,405.79,1428.5
2020-04-10,,410.78,1456.0
2020-04-13,31.74,409.98,1456.0
2020-04-14,29.6,408.74,1456.0
2020-04-15,27.69,409.42,1469.5
2020-04-16,27.82,409.25,1476.0
2020-04-17,28.08,401.38,1482.5
2020-04-20,25.57,405.83,1451.5
2020-04-21,19.33,406.68,1443.5
2020-04-22,20.37,406.62,1461.5
2020-04-23,21.33,406.18,1473.5
2020-04-24,21.44,403.55,1473.0
2020-04-27,19.99,403.83,1472.5
2020-04-28,20.46,403.54,1465.0
2020-04-29,22.54,402.84,1464.0
2020-04-30,25.27,405.88,1460.5
2020-05-01,26.44,405.88,1440.0
2020-05-04,27.2,405.88,1437.0
2020-05-05,30.97,405.88,1438.5
2020-05-06,29.72,405.3,1443.0
2020-05-07,29.46,403.91,1450.0
2020-05-08,30.97,406.5,1454.5
2020-05-11,29.63,406.48,1454.5
2020-05-12,29.98,410.16,1443.0
2020-05-13,29.19,409.12,1439.0
2020-05-14,31.13,416.32,1433.5
2020-05-15,32.5,416.55,1432.5
2020-05-18,34.81,430.59,1441.5
2020-05-19,34.65,429.51,1464.0
2020-05-20,35.75,430.59,1454.0
2020-05-21,36.06,425.87,1487.0
2020-05-22,35.13,426.75,1473.0
2020-05-25,35.53,426.72,1486.0
2020-05-26,36.17,427.0,1486.0
2020-05-27,34.74,426.68,1504.0
2020-05-28,35.29,427.16,1500.5
2020-05-29,35.33,427.54,1515.0
2020-06-01,38.32,435.21,1511.5
2020-06-02,39.57,439.34,1499.5
2020-06-03,39.79,439.34,1526.0
2020-06-04,39.99,438.71,1535.0
2020-06-05,42.3,435.59,1553.5
2020-06-08,40.8,439.87,1569.5
2020-06-09,41.18,440.53,1565.5
2020-06-10,41.73,440.26,1613.5
2020-06-11,38.55,443.38,1582.0
2020-06-12,38.73,440.6,1560.0
2020-06-15,39.72,440.6,1546.0
2020-06-16,40.96,442.16,1573.5
2020-06-17,40.71,442.0,1577.5
2020-06-18,41.51,442.0,1586.5
2020-06-19,42.19,442.47,1578.0
2020-06-22,43.08,442.5,1573.0
2020-06-23,42.63,444.34,1577.5
2020-06-24,40.31,444.56,1564.0
2020-06-25,41.05,444.56,1543.5
2020-06-26,41.02,444.56,1582.0
2020-06-29,41.71,444.95,1589.0
2020-06-30,41.15,445.37,1602.0
2020-07-01,42.03,443.75,1593.5
2020-07-02,43.14,441.48,1601.5
2020-07-03,42.8,447.89,1581.5
2020-07-06,43.1,450.39,1593.0
2020-07-07,43.08,448.91,1596.5
2020-07-08,43.29,453.17,1619.0
2020-07-09,42.35,456.67,1659.5
2020-07-10,43.24,453.42,1639.5
2020-07-13,42.72,456.58,1664.5
2020-07-14,42.9,465.3,1640.0
2020-07-15,43.79,464.86,1651.0
2020-07-16,43.37,467.89,1627.0
2020-07-17,43.14,470.8,1618.0
2020-07-20,43.28,474.42,1621.0
2020-07-21,44.32,475.39,1646.5
2020-07-22,44.29,475.32,1651.0
2020-07-23,43.31,478.36,1661.0
2020-07-24,43.34,476.33,1654.5
2020-07-27,43.41,476.47,1661.5
2020-07-28,43.22,479.88,1671.0
2020-07-29,43.75,484.41,1687.0
2020-07-30,42.94,485.83,1681.5
2020-07-31,43.3,485.89,1685.5
2020-08-03,44.15,490.05,1679.5
2020-08-04,44.43,495.26,1709.5
2020-08-05,45.17,495.47,1739.0
2020-08-06,45.09,500.72,1722.0
2020-08-07,44.4,504.24,1744.0
2020-08-10,44.99,505.79,1730.0
2020-08-11,44.5,508.09,1749.5
2020-08-12,45.43,508.38,1754.0
2020-08-13,44.96,508.32,1738.0
2020-08-14,44.8,503.85,1730.0
2020-08-17,45.37,505.97,1719.5
2020-08-18,45.46,507.08,1733.0
2020-08-19,45.37,507.17,1746.5
2020-08-20,44.9,508.62,1755.5
2020-08-21,44.35,509.91,1722.5
2020-08-24,45.13,510.04,1735.5
2020-08-25,45.86,509.61,1733.0
2020-08-26,45.64,507.53,1737.0
2020-08-27,45.09,506.89,1738.0
2020-08-28,45.05,508.83,1762.0
2020-08-31,45.28,513.5,1781.5
2020-09-01,45.58,517.89,1781.5
2020-09-02,44.43,516.66,1778.5
2020-09-03,44.07,519.93,1743.5
2020-09-04,42.66,519.28,1753.0
2020-09-07,42.01,522.21,1763.0
2020-09-08,39.78,522.21,1744.0
2020-09-09,40.79,519.38,1740.0
2020-09-10,40.06,519.25,1743.5
2020-09-11,39.83,520.07,1746.5
2020-09-14,39.61,519.13,1749.0
2020-09-15,40.53,519.26,1767.0
2020-09-16,42.22,516.57,1759.0
2020-09-17,43.3,515.43,1743.5
2020-09-18,43.15,511.75,1745.0
2020-09-21,41.44,510.79,1752.5
2020-09-22,41.72,509.34,1744.0
2020-09-23,41.77,506.32,1718.5
2020-09-24,41.94,506.47,1697.0
2020-09-25,41.92,504.59,1708.5
2020-09-28,42.43,503.99,1737.0
2020-09-29,41.03,504.93,1746.0
2020-09-30,40.95,503.39,1737.0
2020-10-01,40.93,503.39,1716.0
2020-10-02,39.27,503.39,1705.0
2020-10-05,41.29,503.39,1741.5
2020-10-06,42.65,503.39,1755.0
2020-10-07,41.99,503.39,1745.5
2020-10-08,43.34,503.39,1786.0
2020-10-09,42.85,509.77,1805.5
2020-10-12,41.72,511.48,1829.5
2020-10-13,42.45,511.42,1841.0
2020-10-14,43.32,511.32,1836.0
2020-10-15,43.16,511.05,1824.0
2020-10-16,42.93,509.74,1865.5
2020-10-19,42.62,508.31,1848.0
2020-10-20,43.16,507.78,1826.0
2020-10-21,41.73,509.95,1842.5
2020-10-22,42.46,512.83,1828.0
2020-10-23,41.77,515.51,1829.0
2020-10-26,40.46,515.37,1822.5
2020-10-27,41.2,515.54,1808.0
2020-10-28,39.12,517.94,1801.0
2020-10-29,37.65,517.13,1786.0
2020-10-30,37.46,517.61,1820.5
2020-11-02,38.97,518.6,1834.5
2020-11-03,39.71,522.17,1891.0
2020-11-04,41.23,522.25,1877.0
2020-11-05,40.93,524.8,1885.5
2020-11-06,39.45,528.09,1891.5
2020-11-09,42.4,540.26,1913.0
2020-11-10,43.61,540.17,1880.0
2020-11-11,43.8,545.97,1905.0
2020-11-12,43.53,546.06,1904.5
2020-11-13,42.78,546.5,1918.0
2020-11-16,43.82,548.51,1933.0
2020-11-17,43.75,555.33,1944.5
2020-11-18,44.34,556.0,1978.0
2020-11-19,44.2,559.71,1983.0
2020-11-20,44.96,563.47,1984.0
2020-11-23,46.06,569.87,1969.5
2020-11-24,47.86,568.31,1964.5
2020-11-25,48.61,570.49,1967.0
2020-11-26,47.8,573.77,1961.5
2020-11-27,48.18,576.79,1975.0
2020-11-30,47.59,591.91,2014.5
2020-12-01,47.42,588.68,2045.5
2020-12-02,48.25,598.95,2051.5
2020-12-03,48.71,596.18,2028.0
2020-12-04,49.25,599.04,2027.5
2020-12-07,48.79,616.92,2004.0
2020-12-08,48.84,620.89,1986.0
2020-12-09,48.86,620.89,2010.0
2020-12-10,50.25,639.47,2031.0
2020-12-11,49.97,647.0,2022.0
2020-12-14,50.29,646.78,2042.5
2020-12-15,50.76,642.79,2022.0
2020-12-16,51.08,641.84,2029.0
2020-12-17,51.5,646.58,2028.0
2020-12-18,52.26,657.5,2049.0
2020-12-21,50.91,701.89,2012.5
2020-12-22,50.08,702.96,1993.0
2020-12-23,51.2,687.7,1999.0
2020-12-24,51.29,687.24,2022.0
2020-12-25,,681.09,2000.0
2020-12-28,50.86,655.0,2000.0
2020-12-29,51.09,653.75,2000.0
2020-12-30,51.34,653.25,1995.5
2020-12-31,51.8,658.7,1978.0
2021-01-01,,658.7,2013.5
2021-01-04,51.09,660.9,2013.5
2021-01-05,53.6,675.37,2027.5
2021-01-06,54.3,673.33,2062.5
2021-01-07,54.38,656.82,2008.0
2021-01-08,55.99,657.11,2029.5
2021-01-11,55.66,651.05,2008.0
2021-01-12,56.58,650.07,2025.5
2021-01-13,56.06,648.09,2009.5
2021-01-14,56.42,647.74,2010.5
2021-01-15,55.1,647.79,2000.5
2021-01-18,54.75,646.78,1979.5
2021-01-19,55.9,641.77,1951.5
2021-01-20,56.08,639.53,1976.0
2021-01-21,56.1,640.59,1992.5
2021-01-22,55.41,640.59,1975.5
2021-01-25,55.88,640.39,2011.5
2021-01-26,55.91,640.0,2025.0
2021-01-27,55.81,641.76,2003.5
2021-01-28,55.53,643.64,1979.0
2021-01-29,55.88,648.25,1987.0
2021-02-01,56.35,644.11,1985.5
2021-02-02,57.46,644.01,1958.0
2021-02-03,58.46,644.59,1973.0
2021-02-04,58.84,644.11,1979.5
2021-02-05,59.34,649.21,2007.5
2021-02-08,60.56,649.21,2025.5
2021-02-09,61.09,649.21,2045.5
2021-02-10,61.47,649.21,2070.5
2021-02-11,61.14,649.21,2075.5
2021-02-12,62.43,649.21,2076.0
2021-02-15,63.3,649.21,2079.0
2021-02-16,63.35,649.21,2077.0
2021-02-17,64.34,649.21,2096.5
2021-02-18,63.93,665.83,2147.0
2021-02-19,62.91,664.75,2135.0
2021-02-22,65.24,690.24,2153.5
2021-02-23,65.37,687.42,2136.5
2021-02-24,67.04,685.95,2145.5
2021-02-25,66.88,698.83,2223.0
2021-02-26,66.13,698.53,2202.5
2021-03-01,63.69,700.3,2154.5
2021-03-02,62.7,698.68,2176.0
2021-03-03,64.07,719.53,2203.0
2021-03-04,66.74,714.71,2169.0
2021-03-05,69.36,711.78,2185.0
2021-03-08,68.24,714.81,2152.5
2021-03-09,67.52,708.03,2141.0
2021-03-10,67.9,704.33,2149.5
2021-03-11,69.63,709.72,2159.0
2021-03-12,69.22,719.42,2139.0
2021-03-15,68.88,721.25,2184.5
2021-03-16,68.39,729.87,2174.5
2021-03-17,68.0,727.01,2202.5
2021-03-18,63.28,727.01,2192.0
2021-03-19,64.53,727.13,2188.0
2021-03-22,64.62,731.74,2254.0
2021-03-23,60.79,731.74,2205.0
2021-03-24,64.41,733.95,2220.5
2021-03-25,61.95,735.63,2208.0
2021-03-26,64.57,740.42,2260.5
2021-03-29,64.98,761.67,2255.5
2021-03-30,64.14,750.79,2220.5
2021-03-31,63.54,751.67,2212.5
2021-04-01,64.86,751.33,2212.5
2021-04-02,,779.47,2247.0
2021-04-05,62.15,779.47,2247.0
2021-04-06,62.74,780.42,2247.0
2021-04-07,63.16,782.37,2239.5
2021-04-08,63.2,871.91,2267.5
2021-04-09,62.95,872.63,2250.0
2021-04-12,63.28,875.26,2254.0
2021-04-13,63.67,873.5,2278.0
2021-04-14,66.58,873.16,2297.5
2021-04-15,66.94,871.89,2328.0
2021-04-16,66.77,874.25,2308.5
2021-04-19,67.05,874.14,2331.0
2021-04-20,66.57,881.61,2324.0
2021-04-21,65.32,875.78,2344.0
2021-04-22,65.4,880.2,2373.5
2021-04-23,66.11,880.59,2373.5
2021-04-26,65.65,908.05,2388.0
2021-04-27,66.42,912.01,2389.0
2021-04-28,67.27,910.97,2392.5
2021-04-29,68.56,914.38,2432.0
2021-04-30,67.25,918.86,2445.0
2021-05-03,67.56,918.86,2434.5
2021-05-04,68.88,918.86,2434.5
2021-05-05,68.96,918.86,2446.0
2021-05-06,68.09,926.67,2476.5
2021-05-07,68.28,971.15,2518.5
2021-05-10,68.32,1042.42,2565.0
2021-05-11,68.55,1041.78,2549.5
2021-05-12,69.32,1062.37,2474.0
2021-05-13,67.05,1037.23,2422.5
2021-05-14,68.71,1001.05,2438.0
2021-05-17,69.46,973.63,2455.0
2021-05-18,68.71,975.26,2468.0
2021-05-19,66.66,965.83,2402.5
2021-05-20,65.11,963.16,2392.0
2021-05-21,66.44,952.08,2403.0
2021-05-24,68.46,945.0,2305.0
2021-05-25,68.65,892.94,2341.0
2021-05-26,68.87,882.5,2359.5
2021-05-27,69.46,880.59,2388.0
2021-05-28,69.63,907.4,2404.5
2021-05-31,69.32,913.65,2461.5
2021-06-01,70.25,913.16,2461.5
2021-06-02,71.35,910.61,2442.0
2021-06-03,71.31,904.95,2386.5
2021-06-04,71.89,904.74,2412.5
2021-06-07,71.49,903.16,2417.5
2021-06-08,72.22,902.89,2439.0
2021-06-09,72.22,903.56,2459.0
2021-06-10,72.52,905.31,2470.0
2021-06-11,72.69,906.67,2490.0
2021-06-14,72.86,906.67,2504.0
2021-06-15,73.99,913.16,2458.5
2021-06-16,74.39,906.32,2454.5
2021-06-17,73.08,905.88,2427.5
2021-06-18,73.51,897.84,2374.0
2021-06-21,74.9,897.7,2353.5
2021-06-22,74.81,895.33,2375.5
2021-06-23,75.19,888.95,2386.5
2021-06-24,75.56,877.89,2397.5
2021-06-25,76.18,877.4,2451.0
2021-06-28,74.68,877.33,2458.0
2021-06-29,74.76,862.24,2518.5
2021-06-30,75.13,840.92,2523.0
2021-07-01,75.84,845.9,2481.0
2021-07-02,76.17,844.74,2519.5
2021-07-05,77.16,846.63,2539.5
2021-07-06,74.53,858.07,2529.5
2021-07-07,73.43,873.68,2508.5
2021-07-08,74.12,878.53,2435.0
2021-07-09,75.55,892.89,2470.0
2021-07-12,75.16,895.92,2449.0
2021-07-13,76.49,905.0,2478.0
2021-07-14,74.76,906.67,2509.0
2021-07-15,73.47,913.79,2495.0
2021-07-16,73.59,913.16,2493.0
2021-07-19,68.62,913.16,2425.0
2021-07-20,69.35,920.44,2424.5
2021-07-21,72.23,918.68,2432.0
2021-07-22,73.79,917.84,2449.0
2021-07-23,74.1,918.68,2492.0
2021-07-26,74.5,919.14,2499.5
2021-07-27,74.48,919.14,2497.5
2021-07-28,74.74,925.79,2516.0
2021-07-29,76.05,935.0,2556.5
2021-07-30,76.33,935.0,2624.0
2021-08-02,72.89,931.67,2635.0
2021-08-03,72.41,923.95,2595.5
2021-08-04,70.38,930.0,2575.5
2021-08-05,71.29,930.0,2583.5
2021-08-06,70.7,928.75,2618.5
2021-08-09,69.04,916.67,2547.0
2021-08-10,70.63,917.5,2579.0
2021-08-11,71.44,926.67,2578.0
2021-08-12,71.31,921.67,2602.0
2021-08-13,70.59,921.25,2602.5
2021-08-16,69.51,921.67,2644.0
2021-08-17,69.03,921.67,2633.0
2021-08-18,68.23,916.67,2589.5
2021-08-19,66.45,908.75,2544.0
2021-08-20,65.18,907.5,2569.0
2021-08-23,68.75,908.75,2609.0
2021-08-24,71.05,910.0,2648.5
2021-08-25,72.25,907.5,2647.5
2021-08-26,71.07,903.75,2635.0
2021-08-27,72.7,904.0,2673.5
2021-08-30,73.41,911.25,2714.0
2021-08-31,72.99,910.0,2714.0
2021-09-01,71.59,907.37,2667.5
2021-09-02,73.03,910.95,2694.5
2021-09-03,72.61,919.12,2696.0
2021-09-06,72.22,922.65,2745.25
2021-09-07,71.69,926.13,2740.25
2021-09-08,72.6,922.06,2774.75
2021-09-09,71.45,932.37,2816.75
2021-09-10,72.92,938.55,2896.25
2021-09-13,73.51,937.74,2949.5
2021-09-14,73.6,935.88,2846.75
2021-09-15,75.46,931.05,2867.5
2021-09-16,75.67,936.75,2868.75
2021-09-17,75.34,926.25,2914.5
2021-09-20,73.92,926.25,2846.75
2021-09-21,74.36,926.25,2863.75
2021-09-22,76.19,925.0,2886.5
2021-09-23,77.25,923.82,2936.75
2021-09-24,78.09,907.68,2905.25
2021-09-27,79.53,909.19,2887.75
2021-09-28,79.09,910.0,2898.75
2021-09-29,78.64,910.0,2912.75
2021-09-30,78.52,910.47,2850.75
2021-10-01,79.28,910.47,2864.5
2021-10-04,81.26,910.47,2888.5
2021-10-05,82.56,910.47,2894.25
2021-10-06,81.08,910.47,2879.5
2021-10-07,81.95,910.47,2915.75
2021-10-08,82.39,921.78,2901.75
2021-10-11,83.65,925.59,3019.5
2021-10-12,83.42,921.78,3051.5
2021-10-13,83.18,921.78,3075.5
2021-10-14,84.0,922.65,3151.75
2021-10-15,84.86,925.92,3162.5
2021-10-18,84.33,915.92,3179.75
2021-10-19,85.08,917.37,3175.75
2021-10-20,85.82,915.0,3064.75
2021-10-21,84.61,915.0,3013.5
2021-10-22,85.53,896.64,2945.75
2021-10-25,85.99,896.64,2916.75
2021-10-26,86.4,890.0,2830.75
2021-10-27,84.58,878.42,2703.75
2021-10-28,84.32,871.78,2720.75
2021-10-29,84.38,872.37,2694.75
2021-11-01,84.71,866.18,2712.75
2021-11-02,84.72,829.74,2679.5
2021-11-03,81.99,829.74,2705.75
2021-11-04,80.54,818.42,2642.75
2021-11-05,82.74,803.84,2490.25
2021-11-08,83.43,803.16,2530.25
2021-11-09,84.78,798.16,2581.5
2021-11-10,82.64,769.14,2553.5
2021-11-11,82.87,789.19,2645.25
2021-11-12,82.17,777.5,2675.75
2021-11-15,82.05,774.74,2677.75
2021-11-16,82.43,777.5,2628.0
2021-11-17,80.28,776.63,2627.5
2021-11-18,81.24,774.74,2607.25
2021-11-19,78.89,771.26,2660.75
2021-11-22,79.7,776.63,2653.25
2021-11-23,82.31,774.87,2690.5
2021-11-24,82.25,778.39,2698.5
2021-11-25,82.22,785.68,2740.0
2021-11-26,72.72,783.86,2618.0
2021-11-29,73.44,775.92,2649.5
2021-11-30,70.57,777.83,2634.75
2021-12-01,68.87,781.58,2669.25
2021-12-02,69.67,784.74,2654.5
2021-12-03,69.88,784.74,2647.5
2021-12-06,73.08,784.74,2600.0
2021-12-07,75.44,781.64,2624.75
2021-12-08,75.82,779.75,2625.5
2021-12-09,74.42,777.68,2630.25
2021-12-10,75.15,776.53,2624.5
2021-12-13,74.39,779.01,2676.0
2021-12-14,73.7,779.84,2635.5
2021-12-15,73.88,773.09,2596.5
2021-12-16,75.02,773.65,2629.0
2021-12-17,73.52,769.71,2693.0
2021-12-20,71.52,770.0,2645.25
2021-12-21,73.98,768.75,2695.5
2021-12-22,75.29,768.75,2810.75
2021-12-23,76.85,767.5,2817.75
2021-12-24,76.14,767.5,2847.0
2021-12-27,78.6,760.79,2834.75
2021-12-28,78.94,759.47,2834.75
2021-12-29,79.23,762.5,2834.75
2021-12-30,79.32,763.53,2829.25
2021-12-31,77.78,761.67,2805.75
2022-01-03,78.98,761.67,2815.25
2022-01-04,80.0,758.68,2815.25
2022-01-05,80.8,761.51,2865.75
2022-01-06,81.99,759.87,2912.25
2022-01-07,81.75,755.29,2919.25
2022-01-10,80.87,755.26,2922.5
2022-01-11,83.72,755.26,2949.0
2022-01-12,84.67,755.75,3002.5
2022-01-13,84.47,755.75,2959.75
2022-01-14,86.06,758.68,2977.25
2022-01-17,86.48,756.58,3008.5
2022-01-18,87.51,757.96,3005.5
2022-01-19,88.44,759.87,3035.5
2022-01-20,88.38,759.87,3109.25
2022-01-21,87.89,760.46,3079.25
2022-01-24,86.27,766.51,3044.25
2022-01-25,88.2,768.42,3063.5
2022-01-26,89.96,768.42,3092.75
2022-01-27,89.34,770.61,3106.5
2022-01-28,90.03,770.61,3109.0
2022-01-31,91.21,770.61,3075.0
2022-02-01,89.16,770.61,3071.75
2022-02-02,89.47,770.61,3042.75
2022-02-03,91.11,770.61,3058.25
2022-02-04,93.27,770.61,3086.75
2022-02-07,92.69,795.07,3147.75
2022-02-08,90.78,809.16,3244.5
2022-02-09,91.55,803.79,3247.0
2022-02-10,91.41,812.37,3312.5
2022-02-11,94.44,816.4,3199.75
2022-02-14,96.48,820.64,3305.5
2022-02-15,93.28,812.96,3222.0
2022-02-16,94.81,817.65,3281.0
2022-02-17,92.97,817.5,3293.0
2022-02-18,93.54,817.5,3313.5
2022-02-21,95.39,819.71,3314.0
2022-02-22,96.84,816.67,3419.5
2022-02-23,96.84,816.67,3323.25
2022-02-24,99.08,812.37,3518.5
2022-02-25,97.93,800.88,3355.0
2022-02-28,100.99,816.84,3449.0
2022-03-01,104.97,830.3,3495.25
2022-03-02,112.93,837.33,3604.75
2022-03-03,110.46,848.75,3728.25
2022-03-04,118.11,857.37,3850.5
2022-03-07,123.21,896.95,3984.0
2022-03-08,127.98,896.95,3500.25
2022-03-09,111.14,864.95,3531.0
2022-03-10,109.33,863.42,3534.5
2022-03-11,112.67,863.88,3471.0
2022-03-14,106.9,845.0,3398.5
2022-03-15,99.91,845.0,3217.0
2022-03-16,98.02,847.5,3305.5
2022-03-17,106.64,847.5,3287.75
2022-03-18,107.93,841.56,3380.0
2022-03-21,115.62,849.21,3517.5
2022-03-22,115.48,849.25,3550.25
2022-03-23,121.6,851.58,3559.0
2022-03-24,119.03,850.75,3663.5
2022-03-25,120.65,862.63,3582.5
2022-03-28,112.48,871.67,3605.0
2022-03-29,110.23,878.29,3582.0
2022-03-30,113.45,878.53,3507.0
2022-03-31,107.91,878.53,3502.5
2022-04-01,104.39,887.5,3482.75
2022-04-04,107.53,887.5,3443.75
2022-04-05,106.64,887.5,3414.5
2022-04-06,101.07,878.33,3443.25
2022-04-07,100.58,877.96,3345.0
2022-04-08,102.78,872.08,3394.0
2022-04-11,98.48,871.05,3234.0
2022-04-12,104.64,872.11,3214.25
2022-04-13,108.78,863.42,3206.0
2022-04-14,111.7,856.95,3237.25
2022-04-15,,857.5,3311.0
2022-04-18,113.16,852.63,3311.0
2022-04-19,107.25,852.67,3311.0
2022-04-20,106.8,853.79,3239.5
2022-04-21,108.33,850.0,3261.5
2022-04-22,106.65,848.33,3243.75
2022-04-25,102.32,815.0,3089.5
2022-04-26,104.99,810.0,3102.25
2022-04-27,105.32,807.5,3099.5
2022-04-28,107.59,810.0,3065.25
2022-04-29,109.34,810.0,3038.5
2022-05-02,107.58,810.0,2911.25
2022-05-03,104.97,810.0,2911.25
2022-05-04,110.14,810.0,2928.75
2022-05-05,110.9,811.18,2916.75
2022-05-06,112.39,797.5,2832.25
2022-05-09,105.94,789.14,2707.5
2022-05-10,102.46,775.0,2676.5
2022-05-11,107.51,778.33,2736.5
2022-05-12,107.45,774.0,2687.0
2022-05-13,111.55,767.5,2722.0
2022-05-16,114.24,765.0,2790.5
2022-05-17,111.93,765.11,2835.5
2022-05-18,109.11,756.67,2844.75
2022-05-19,112.04,750.0,2825.75
2022-05-20,112.55,753.75,2930.5
2022-05-23,113.42,752.37,2962.5
2022-05-24,113.56,746.51,2880.75
2022-05-25,114.03,738.95,2829.25
2022-05-26,117.4,736.67,2825.25
2022-05-27,119.43,740.0,2822.75
2022-05-30,121.67,740.0,2862.5
2022-05-31,122.84,750.0,2816.25
2022-06-01,116.29,750.14,2701.25
2022-06-02,117.61,751.18,2741.5
2022-06-03,119.72,751.18,2741.5
2022-06-06,119.51,750.26,2741.5
2022-06-07,120.57,748.03,2714.5
2022-06-08,123.58,749.14,2765.25
2022-06-09,123.07,748.75,2752.25
2022-06-10,122.01,748.95,2694.75
2022-06-13,122.27,741.84,2589.25
2022-06-14,121.17,735.33,2587.5
2022-06-15,118.51,725.0,2579.5
2022-06-16,119.81,723.33,2500.25
2022-06-17,113.12,713.33,2473.75
2022-06-20,114.13,675.0,2461.5
2022-06-21,114.65,684.74,2519.0
2022-06-22,111.74,674.74,2455.25
2022-06-23,110.05,673.33,2479.0
2022-06-24,113.12,662.5,2435.75
2022-06-27,115.09,677.83,2452.75
2022-06-28,117.98,681.05,2499.5
2022-06-29,116.26,681.64,2451.5
2022-06-30,114.81,681.05,2396.75
2022-07-01,111.63,670.5,2383.5
2022-07-04,113.5,658.95,2431.25
2022-07-05,102.77,661.05,2373.0
2022-07-06,100.69,650.0,2357.5
2022-07-07,104.65,650.0,2417.0
2022-07-08,107.02,650.79,2399.25
2022-07-11,107.1,635.0,2416.5
2022-07-12,99.49,630.0,2357.5
2022-07-13,99.57,626.67,2342.75
2022-07-14,99.1,602.5,2328.5
2022-07-15,101.16,553.33,2320.0
2022-07-18,106.27,575.0,2377.25
2022-07-19,107.35,577.11,2411.75
2022-07-20,106.92,586.32,2456.25
2022-07-21,103.86,570.0,2425.0
2022-07-22,103.2,583.33,2459.5
2022-07-25,105.15,585.0,2431.25
2022-07-26,104.4,590.0,2436.0
2022-07-27,106.62,590.0,2390.25
2022-07-28,107.14,595.0,2457.5
2022-07-29,110.01,594.12,2451.0
2022-08-01,100.03,613.16,2469.25
2022-08-02,100.54,611.32,2448.25
2022-08-03,96.78,610.0,2402.75
2022-08-04,94.12,606.67,2373.75
2022-08-05,94.92,606.78,2447.25
2022-08-08,96.65,608.16,2435.25
2022-08-09,96.31,605.0,2487.5
2022-08-10,97.4,605.0,2462.25
2022-08-11,99.6,605.0,2497.0
2022-08-12,98.15,610.0,2468.25
2022-08-15,95.1,605.53,2389.25
2022-08-16,92.34,604.74,2441.0
2022-08-17,93.65,598.68,2413.75
2022-08-18,96.59,592.37,2411.0
2022-08-19,96.72,581.89,2375.75
2022-08-22,95.81,580.0,2387.25
2022-08-23,99.17,592.37,2438.25
2022-08-24,100.34,596.58,2421.75
2022-08-25,98.46,590.0,2442.0
2022-08-26,99.01,590.0,2494.0
2022-08-29,102.93,575.0,2406.25
2022-08-30,97.84,564.21,2406.25
2022-08-31,96.49,564.21,2368.25
2022-09-01,92.36,564.21,2305.75
2022-09-02,93.02,556.32,2308.5
2022-09-05,95.74,557.37,2290.25
2022-09-06,92.83,557.63,2259.0
2022-09-07,88.0,552.63,2230.25
2022-09-08,88.62,568.24,2255.75
2022-09-09,92.84,570.0,2279.75
2022-09-12,94.0,570.0,2288.25
2022-09-13,93.17,575.26,2309.25
2022-09-14,94.1,571.32,2227.25
2022-09-15,90.84,570.0,2271.5
2022-09-16,91.35,565.92,2258.0
2022-09-19,92.0,565.92,2231.5
2022-09-20,89.4,558.95,2245.25
2022-09-21,88.8,551.58,2190.0
2022-09-22,89.53,565.0,2195.25
2022-09-23,85.03,565.0,2152.75
2022-09-26,82.86,559.47,2125.25
2022-09-27,84.87,562.32,2105.75
2022-09-28,89.32,563.67,2079.5
2022-09-29,88.49,563.0,2260.75
2022-09-30,87.96,568.75,2179.75
2022-10-03,88.86,568.75,2163.5
2022-10-04,91.8,568.75,2261.25
2022-10-05,93.37,568.75,2288.5
2022-10-06,94.42,568.75,2354.75
2022-10-07,97.92,568.75,2341.5
2022-10-10,96.19,578.68,2273.75
2022-10-11,94.29,564.87,2218.25
2022-10-12,92.45,564.12,2226.5
2022-10-13,94.57,561.18,2373.75
2022-10-14,90.15,559.47,2308.75
2022-10-17,90.18,553.16,2239.5
2022-10-18,88.6,548.16,2200.25
2022-10-19,90.56,546.67,2168.5
2022-10-20,90.45,540.0,2213.75
2022-10-21,91.34,535.0,2155.25
2022-10-24,91.21,535.0,2159.0
2022-10-25,91.74,529.47,2170.25
2022-10-26,95.69,533.33,2265.25
2022-10-27,96.96,533.33,2296.75
2022-10-28,95.77,528.53,2225.75
2022-10-31,94.83,516.67,2196.5
2022-11-01,94.65,519.0,2245.25
2022-11-02,96.16,520.0,2226.75
2022-11-03,94.67,520.0,2215.75
2022-11-04,98.57,521.67,2305.5
2022-11-07,97.92,518.33,2291.75
2022-11-08,95.36,518.33,2326.75
2022-11-09,92.65,518.33,2337.75
2022-11-10,93.67,511.58,2271.75
2022-11-11,95.99,535.0,2409.0
2022-11-14,93.14,546.67,2391.75
2022-11-15,93.86,551.67,2409.5
2022-11-16,92.86,557.37,2392.5
2022-11-17,89.78,543.13,2342.25
2022-11-18,87.62,544.38,2368.5
2022-11-21,87.45,541.58,2343.0
2022-11-22,88.36,540.0,2393.75
2022-11-23,85.41,535.0,2363.5
2022-11-24,85.34,539.47,2343.75
2022-11-25,83.63,540.0,2345.75
2022-11-28,83.19,537.96,2315.25
2022-11-29,83.03,550.0,2341.25
2022-11-30,85.43,550.0,2386.5
2022-12-01,86.88,554.25,2430.25
2022-12-02,85.55,553.33,2448.25
2022-12-05,82.66,581.67,2484.75
2022-12-06,79.67,574.12,2460.75
2022-12-07,77.59,570.0,2450.25
2022-12-08,76.59,570.0,2468.0
2022-12-09,76.6,580.0,2453.25
2022-12-12,78.34,583.33,2389.75
2022-12-13,80.86,590.0,2387.5
2022-12-14,82.75,590.0,2379.25
2022-12-15,81.32,600.0,2395.5
2022-12-16,79.49,600.0,2353.5
2022-12-19,80.14,590.0,2326.0
2022-12-20,80.53,590.0,2329.25
2022-12-21,82.58,590.0,2356.0
2022-12-22,81.67,590.0,2361.5
2022-12-23,84.5,589.71,2341.75
2022-12-26,,590.0,2342.5
2022-12-27,84.68,595.0,2342.5
2022-12-28,83.26,595.0,2342.5
2022-12-29,82.26,595.0,2371.25
2022-12-30,85.91,595.0,2360.25
2023-01-02,,595.0,2337.25
2023-01-03,82.1,595.0,2337.25
2023-01-04,77.84,605.79,2249.5
2023-01-05,78.69,602.67,2269.0
2023-01-06,78.57,605.67,2242.25
2023-01-09,79.65,620.0,2336.25
2023-01-10,80.1,626.58,2396.0
2023-01-11,82.67,628.68,2450.75
2023-01-12,84.03,631.18,2446.5
2023-01-13,85.28,636.18,2510.75
2023-01-16,84.46,636.18,2602.75
2023-01-17,85.92,643.16,2562.25
2023-01-18,84.98,645.0,2635.5
2023-01-19,86.16,645.0,2540.0
2023-01-20,87.63,645.0,2585.25
2023-01-23,88.19,645.0,2592.75
2023-01-24,86.13,645.0,2594.25
2023-01-25,86.12,645.0,2605.75
2023-01-26,87.47,645.0,2597.5
2023-01-27,86.66,645.0,2596.75
2023-01-30,84.9,648.33,2576.5
2023-01-31,84.49,646.67,2533.0
2023-02-01,82.84,645.0,2610.5
2023-02-02,82.17,643.0,2572.25
2023-02-03,79.94,635.0,2559.0
2023-02-06,80.99,620.0,2486.25
2023-02-07,83.69,620.0,2472.25
2023-02-08,85.09,620.0,2468.75
2023-02-09,84.5,625.0,2424.25
2023-02-10,86.39,623.33,2434.5
2023-02-13,86.61,618.67,2382.0
2023-02-14,85.58,622.33,2390.0
2023-02-15,85.38,622.33,2366.75
2023-02-16,85.14,630.67,2341.25
2023-02-17,83.0,633.33,2334.75
2023-02-20,84.07,633.33,2391.0
2023-02-21,83.05,638.33,2430.25
2023-02-22,80.45,633.95,2385.25
2023-02-23,81.95,633.95,2368.25
2023-02-24,82.82,633.95,2306.0
2023-02-27,82.45,630.0,2313.5
2023-02-28,83.89,630.0,2299.0
2023-03-01,84.31,634.74,2363.0
2023-03-02,84.75,638.95,2366.0
2023-03-03,85.83,643.16,2361.25
2023-03-06,86.18,638.95,2321.25
2023-03-07,83.29,643.16,2312.25
2023-03-08,82.66,640.0,2288.25
2023-03-09,81.59,640.0,2290.5
2023-03-10,82.78,645.0,2248.5
2023-03-13,80.77,651.67,2236.0
2023-03-14,77.45,659.67,2271.5
2023-03-15,73.28,660.0,2245.5
2023-03-16,74.29,650.0,2237.25
2023-03-17,72.77,651.67,2231.0
2023-03-20,73.54,640.0,2237.25
2023-03-21,75.03,640.0,2234.75
2023-03-22,76.38,640.0,2231.75
2023-03-23,75.91,639.0,2264.5
2023-03-24,74.99,636.67,2264.5
2023-03-27,78.12,628.33,2297.5
2023-03-28,78.65,629.0,2314.5
2023-03-29,78.28,632.67,2365.75
2023-03-30,79.27,633.33,2343.75
2023-03-31,79.77,637.77,2336.25
2023-04-03,84.93,625.0,2380.25
2023-04-04,84.94,619.25,2341.0
2023-04-05,84.99,619.25,2305.75
2023-04-06,85.12,611.67,2300.25
2023-04-07,,617.67,2267.5
2023-04-10,84.18,610.0,2267.5
2023-04-11,85.61,610.0,2267.5
2023-04-12,87.33,610.0,2258.25
2023-04-13,86.09,610.0,2329.5
2023-04-14,86.31,611.67,2355.5
2023-04-17,84.76,610.0,2364.0
2023-04-18,84.77,613.33,2400.5
2023-04-19,83.12,610.33,2381.75
2023-04-20,81.1,608.33,2409.75
2023-04-21,81.66,595.0,2388.25
2023-04-24,82.73,585.0,2354.25
2023-04-25,80.77,585.0,2312.5
2023-04-26,77.69,580.0,2339.25
2023-04-27,78.37,580.0,2301.75
2023-04-28,79.54,580.0,2341.0
2023-05-01,79.31,580.0,2352.75
2023-05-02,75.32,580.0,2352.75
2023-05-03,72.33,580.0,2329.5
2023-05-04,72.5,561.67,2296.5
2023-05-05,75.3,550.0,2277.25
2023-05-08,77.01,570.0,2320.5
2023-05-09,77.44,570.0,2320.5
2023-05-10,76.41,560.0,2275.75
2023-05-11,74.98,550.0,2228.5
2023-05-12,74.17,550.0,2230.25
2023-05-15,75.23,556.67,2260.25
2023-05-16,74.91,553.33,2235.25
2023-05-17,76.96,555.0,2268.75
2023-05-18,75.86,552.0,2311.0
2023-05-19,75.58,548.33,2299.0
2023-05-22,75.99,545.67,2261.5
2023-05-23,76.84,538.33,2201.75
2023-05-24,78.36,531.67,2233.5
2023-05-25,76.26,529.33,2235.5
2023-05-26,76.95,530.0,2241.5
2023-05-29,77.07,530.0,2229.75
2023-05-30,73.54,523.33,2229.75
2023-05-31,72.66,518.33,2254.75
2023-06-01,74.28,521.67,2280.75
2023-06-02,76.13,524.43,2263.25
2023-06-05,76.71,539.47,2215.0
2023-06-06,76.29,539.47,2171.5
2023-06-07,76.95,539.0,2168.5
2023-06-08,75.96,540.0,2187.25
2023-06-09,74.79,545.0,2220.75
2023-06-12,71.84,540.0,2187.75
2023-06-13,74.29,543.25,2193.25
2023-06-14,73.2,545.0,2199.5
2023-06-15,75.67,549.77,2196.5
2023-06-16,76.61,556.67,2224.25
2023-06-19,76.09,556.67,2194.75
2023-06-20,75.9,548.33,2184.25
2023-06-21,77.12,544.0,2156.75
2023-06-22,74.14,544.0,2190.25
2023-06-23,73.85,544.0,2132.25
2023-06-26,74.18,530.0,2115.75
2023-06-27,72.26,543.33,2151.25
2023-06-28,74.03,541.67,2141.25
2023-06-29,74.34,541.67,2105.25
2023-06-30,74.9,541.67,2096.25
2023-07-03,74.65,541.67,2106.0
2023-07-04,76.25,543.33,2102.25
2023-07-05,76.65,542.68,2092.75
2023-07-06,76.52,542.67,2103.25
2023-07-07,78.47,542.67,2085.5
2023-07-10,77.69,538.67,2095.75
2023-07-11,79.4,541.67,2128.75
2023-07-12,80.11,542.49,2147.0
2023-07-13,81.36,548.75,2235.75
2023-07-14,79.87,558.33,2224.75
2023-07-17,78.5,551.67,2194.5
2023-07-18,79.63,553.33,2169.0
2023-07-19,79.46,553.33,2141.75
2023-07-20,79.64,551.25,2171.5
2023-07-21,81.07,552.33,2153.25
2023-07-24,82.74,561.67,2154.5
2023-07-25,83.64,575.0,2183.5
2023-07-26,82.92,575.0,2170.25
2023-07-27,84.24,575.0,2175.75
2023-07-28,84.99,575.0,2161.25
2023-07-31,85.56,575.0,2195.25
2023-08-01,84.91,575.0,2216.5
2023-08-02,83.2,570.0,2176.25
2023-08-03,85.14,564.0,2146.75
2023-08-04,86.24,568.33,2165.0
2023-08-07,85.34,568.33,2177.75
2023-08-08,86.17,568.33,2142.5
2023-08-09,87.55,565.0,2152.5
2023-08-10,86.4,561.67,2161.25
2023-08-11,86.81,560.0,2126.0
2023-08-14,86.21,555.0,2095.75
2023-08-15,84.89,555.0,2085.25
2023-08-16,83.45,555.0,2088.75
2023-08-17,84.12,548.33,2130.5
2023-08-18,84.8,545.0,2095.75
2023-08-21,84.46,545.0,2068.25
2023-08-22,84.03,545.0,2121.25
2023-08-23,83.21,555.0,2128.75
2023-08-24,83.36,554.0,2119.25
2023-08-25,84.48,554.0,2123.5
2023-08-28,84.42,549.0,2116.25
2023-08-29,85.49,545.33,2116.25
2023-08-30,85.86,543.67,2140.25
2023-08-31,86.86,545.0,2165.25
2023-09-01,88.55,551.58,
2023-09-04,89.0,553.33,
2023-09-05,90.04,553.33,
2023-09-06,90.6,552.5,
2023-09-07,89.92,550.0,
2023-09-08,90.65,545.0,
2023-09-11,90.64,546.0,
2023-09-12,92.06,547.33,
2023-09-13,91.88,,
2023-09-14,93.7,,
2023-09-15,93.93,,
2023-09-18,94.43,,
2023-09-19,94.34,,
2023-09-20,93.53,,
2023-09-21,93.3,,
2023-09-22,93.27,,
2023-09-25,93.29,,
2023-09-26,93.96,,
2023-09-27,96.55,,
2023-09-28,95.38,,
2023-09-29,95.31,,
2023-10-02,90.71,,
2023-10-03,90.92,,
2023-10-04,85.81,,
2023-10-05,84.07,,
2023-10-06,84.58,,
2023-10-09,88.15,,
2023-10-10,87.65,,
2023-10-11,85.82,,
2023-10-12,86.0,,
2023-10-13,90.89,,
2023-10-16,89.65,,
2023-10-17,89.9,,
2023-10-18,91.5,,
2023-10-19,92.38,,
2023-10-20,92.16,,
2023-10-23,89.83,,
2023-10-24,88.07,,
2023-10-25,90.13,,
2023-10-26,87.93,,
2023-10-27,90.48,,
2023-10-30,87.45,,
2023-10-31,87.41,,
2023-11-01,84.63,,
2023-11-02,86.85,,
2023-11-03,84.89,,
2023-11-06,85.18,,
2023-11-07,81.61,,
2023-11-08,79.54,,
2023-11-09,80.01,,
2023-11-10,81.43,,
2023-11-13,82.52,,
2023-11-14,82.47,,
2023-11-15,81.18,,
2023-11-16,77.42,,
2023-11-17,80.61,,
2023-11-20,82.32,,
2023-11-21,82.45,,
2023-11-22,81.96,,
2023-11-23,81.42,,
2023-11-24,80.58,,
2023-11-27,79.98,,
2023-11-28,81.68,,
2023-11-29,83.1,,
2023-11-30,82.83,,
2023-12-01,78.88,,
2023-12-04,78.03,,
2023-12-05,77.2,,
2023-12-06,74.3,,
2023-12-07,74.05,,
2023-12-08,75.84,,
2023-12-11,76.03,,
2023-12-12,73.24,,
2023-12-13,74.26,,
2023-12-14,76.61,,
2023-12-15,76.55,,
2023-12-18,77.95,,
2023-12-19,79.23,,
2023-12-20,79.7,,
2023-12-21,79.39,,
2023-12-22,79.07,,
2023-12-26,81.07,,
2023-12-27,79.65,,
2023-12-28,78.39,,
2023-12-29,77.04,,
2024-01-02,75.89,,
2024-01-03,78.25,,
2024-01-04,77.59,,
2024-01-05,78.76,,
2024-01-08,76.12,,
2024-01-09,77.59,,
2024-01-10,76.8,,
2024-01-11,77.41,,
2024-01-12,78.29,,
2024-01-15,78.15,,
2024-01-16,78.29,,
2024-01-17,77.88,,
2024-01-18,79.1,,
2024-01-19,78.56,,
2024-01-22,80.06,,
2024-01-23,79.55,,
2024-01-24,80.04,,
2024-01-25,82.43,,
2024-01-26,83.55,,
2024-01-29,82.4,,
2024-01-30,82.87,,
2024-01-31,81.71,,
2024-02-01,78.7,,
2024-02-02,77.33,,
2024-02-05,77.99,,
2024-02-06,78.59,,
2024-02-07,79.21,,
2024-02-08,81.63,,
2024-02-09,82.19,,
2024-02-12,82.0,,
2024-02-13,82.77,,
2024-02-14,81.6,,
2024-02-15,82.86,,
2024-02-16,83.47,,
2024-02-19,83.56,,
2024-02-20,82.34,,
2024-02-21,83.03,,
2024-02-22,83.67,,
2024-02-23,81.62,,
2024-02-26,82.53,,
2024-02-27,83.65,,
2024-02-28,83.68,,
2024-02-29,83.62,,
2024-03-01,83.55,,
2024-03-03,83.59,,
2024-03-04,82.8,,
2024-03-05,82.04,,
2024-03-06,82.96,,
2024-03-07,82.96,,
2024-03-08,82.08,,
2024-03-10,81.88,,
2024-03-11,82.21,,
2024-03-12,81.92,,
2024-03-13,84.03,,
2024-03-14,85.42,,
2024-03-15,85.34,,
2024-03-18,86.89,,
2024-03-19,87.38,,
2024-03-20,85.95,,
2024-03-21,85.78,,
2024-03-22,85.43,,
2024-03-25,86.75,,
2024-03-26,86.25,,
2024-03-27,86.09,,
2024-03-28,87.48,,
2024-04-01,87.42,,
2024-04-02,88.92,,
2024-04-03,89.35,,
2024-04-04,89.18,,
